-- MySQL dump 10.13  Distrib 8.0.39, for Linux (x86_64)
--
-- Host: localhost    Database: xiad
-- ------------------------------------------------------
-- Server version	8.0.39

/*!40101 SET @OLD_CHARACTER_SET_CLIENT=@@CHARACTER_SET_CLIENT */;
/*!40101 SET @OLD_CHARACTER_SET_RESULTS=@@CHARACTER_SET_RESULTS */;
/*!40101 SET @OLD_COLLATION_CONNECTION=@@COLLATION_CONNECTION */;
/*!50503 SET NAMES utf8mb4 */;
/*!40103 SET @OLD_TIME_ZONE=@@TIME_ZONE */;
/*!40103 SET TIME_ZONE='+00:00' */;
/*!40014 SET @OLD_UNIQUE_CHECKS=@@UNIQUE_CHECKS, UNIQUE_CHECKS=0 */;
/*!40014 SET @OLD_FOREIGN_KEY_CHECKS=@@FOREIGN_KEY_CHECKS, FOREIGN_KEY_CHECKS=0 */;
/*!40101 SET @OLD_SQL_MODE=@@SQL_MODE, SQL_MODE='NO_AUTO_VALUE_ON_ZERO' */;
/*!40111 SET @OLD_SQL_NOTES=@@SQL_NOTES, SQL_NOTES=0 */;

--
-- Table structure for table `branch`
--

DROP TABLE IF EXISTS `branch`;
/*!40101 SET @saved_cs_client     = @@character_set_client */;
/*!50503 SET character_set_client = utf8mb4 */;
CREATE TABLE `branch` (
  `br_id` int unsigned NOT NULL AUTO_INCREMENT,
  `br_name` varchar(255) CHARACTER SET utf8mb4 COLLATE utf8mb4_unicode_ci DEFAULT NULL,
  `br_loc` varchar(255) CHARACTER SET utf8mb4 COLLATE utf8mb4_unicode_ci DEFAULT NULL,
  `br_num` varchar(255) CHARACTER SET utf8mb4 COLLATE utf8mb4_unicode_ci DEFAULT NULL,
  PRIMARY KEY (`br_id`)
) ENGINE=InnoDB DEFAULT CHARSET=utf8mb4 COLLATE=utf8mb4_unicode_ci;
/*!40101 SET character_set_client = @saved_cs_client */;

--
-- Dumping data for table `branch`
--

LOCK TABLES `branch` WRITE;
/*!40000 ALTER TABLE `branch` DISABLE KEYS */;
/*!40000 ALTER TABLE `branch` ENABLE KEYS */;
UNLOCK TABLES;

--
-- Table structure for table `crm`
--

DROP TABLE IF EXISTS `crm`;
/*!40101 SET @saved_cs_client     = @@character_set_client */;
/*!50503 SET character_set_client = utf8mb4 */;
CREATE TABLE `crm` (
  `crm_id` int unsigned NOT NULL AUTO_INCREMENT,
  `cus_id` int unsigned DEFAULT NULL,
  `crm_interDate` datetime DEFAULT NULL,
  `crm_interType` varchar(50) CHARACTER SET utf8mb4 COLLATE utf8mb4_unicode_ci DEFAULT NULL,
  `crm_note` text CHARACTER SET utf8mb4 COLLATE utf8mb4_unicode_ci,
  PRIMARY KEY (`crm_id`),
  KEY `crm_cus_id_foreign` (`cus_id`),
  CONSTRAINT `crm_cus_id_foreign` FOREIGN KEY (`cus_id`) REFERENCES `customer` (`cust_id`) ON DELETE CASCADE ON UPDATE CASCADE
) ENGINE=InnoDB DEFAULT CHARSET=utf8mb4 COLLATE=utf8mb4_unicode_ci;
/*!40101 SET character_set_client = @saved_cs_client */;

--
-- Dumping data for table `crm`
--

LOCK TABLES `crm` WRITE;
/*!40000 ALTER TABLE `crm` DISABLE KEYS */;
/*!40000 ALTER TABLE `crm` ENABLE KEYS */;
UNLOCK TABLES;

--
-- Table structure for table `customer`
--

DROP TABLE IF EXISTS `customer`;
/*!40101 SET @saved_cs_client     = @@character_set_client */;
/*!50503 SET character_set_client = utf8mb4 */;
CREATE TABLE `customer` (
  `cust_id` int unsigned NOT NULL AUTO_INCREMENT,
  `cust_name` varchar(255) CHARACTER SET utf8mb4 COLLATE utf8mb4_unicode_ci DEFAULT NULL,
  `cust_num` varchar(255) CHARACTER SET utf8mb4 COLLATE utf8mb4_unicode_ci DEFAULT NULL,
  `cust_email` varchar(255) CHARACTER SET utf8mb4 COLLATE utf8mb4_unicode_ci DEFAULT NULL,
  `cust_dob` date DEFAULT NULL,
  `cust_loyalP` int DEFAULT NULL,
  PRIMARY KEY (`cust_id`)
) ENGINE=InnoDB AUTO_INCREMENT=4 DEFAULT CHARSET=utf8mb4 COLLATE=utf8mb4_unicode_ci;
/*!40101 SET character_set_client = @saved_cs_client */;

--
-- Dumping data for table `customer`
--

LOCK TABLES `customer` WRITE;
/*!40000 ALTER TABLE `customer` DISABLE KEYS */;
INSERT INTO `customer` VALUES (1,'1','123123','ww@gmail.com','2024-08-07',27),(2,'erloca','0112912018247','ee@gmail.com','2024-08-22',9),(3,'er','01111111','ericlim0110@gmail.com','2024-10-01',22);
/*!40000 ALTER TABLE `customer` ENABLE KEYS */;
UNLOCK TABLES;

--
-- Table structure for table `delivery`
--

DROP TABLE IF EXISTS `delivery`;
/*!40101 SET @saved_cs_client     = @@character_set_client */;
/*!50503 SET character_set_client = utf8mb4 */;
CREATE TABLE `delivery` (
  `del_id` int unsigned NOT NULL AUTO_INCREMENT,
  `del_regName` varchar(255) CHARACTER SET utf8mb4 COLLATE utf8mb4_unicode_ci DEFAULT NULL,
  `del_fee` decimal(8,2) DEFAULT NULL,
  PRIMARY KEY (`del_id`)
) ENGINE=InnoDB DEFAULT CHARSET=utf8mb4 COLLATE=utf8mb4_unicode_ci;
/*!40101 SET character_set_client = @saved_cs_client */;

--
-- Dumping data for table `delivery`
--

LOCK TABLES `delivery` WRITE;
/*!40000 ALTER TABLE `delivery` DISABLE KEYS */;
/*!40000 ALTER TABLE `delivery` ENABLE KEYS */;
UNLOCK TABLES;

--
-- Table structure for table `detailsOrder`
--

DROP TABLE IF EXISTS `detailsOrder`;
/*!40101 SET @saved_cs_client     = @@character_set_client */;
/*!50503 SET character_set_client = utf8mb4 */;
CREATE TABLE `detailsOrder` (
  `detOrd_id` int unsigned NOT NULL AUTO_INCREMENT,
  `ord_id` int unsigned DEFAULT NULL,
  `pro_id` int unsigned DEFAULT NULL,
  `detOrd_quantity` int NOT NULL,
  `detOrd_date` datetime DEFAULT NULL,
  `cust_id` int unsigned DEFAULT NULL,
  PRIMARY KEY (`detOrd_id`),
  KEY `detailsorder_ord_id_foreign` (`ord_id`),
  KEY `detailsorder_pro_id_foreign` (`pro_id`),
  KEY `detailsorder_cust_id_foreign` (`cust_id`),
  CONSTRAINT `detailsorder_cust_id_foreign` FOREIGN KEY (`cust_id`) REFERENCES `customer` (`cust_id`) ON DELETE CASCADE ON UPDATE CASCADE,
  CONSTRAINT `detailsorder_ord_id_foreign` FOREIGN KEY (`ord_id`) REFERENCES `order` (`ord_id`) ON DELETE CASCADE ON UPDATE CASCADE,
  CONSTRAINT `detailsorder_pro_id_foreign` FOREIGN KEY (`pro_id`) REFERENCES `product` (`pro_id`) ON DELETE CASCADE ON UPDATE CASCADE
) ENGINE=InnoDB AUTO_INCREMENT=612 DEFAULT CHARSET=utf8mb4 COLLATE=utf8mb4_unicode_ci;
/*!40101 SET character_set_client = @saved_cs_client */;

--
-- Dumping data for table `detailsOrder`
--

LOCK TABLES `detailsOrder` WRITE;
/*!40000 ALTER TABLE `detailsOrder` DISABLE KEYS */;
INSERT INTO `detailsOrder` VALUES (193,812,63,1,NULL,NULL),(194,812,62,1,NULL,NULL),(195,812,61,1,NULL,NULL),(196,813,62,2,NULL,NULL),(197,813,61,1,NULL,NULL),(198,813,60,3,NULL,NULL),(199,814,61,4,NULL,NULL),(200,814,60,2,NULL,NULL),(201,814,63,2,NULL,NULL),(202,814,64,7,NULL,NULL),(203,815,64,1,NULL,NULL),(204,816,64,2,NULL,NULL),(205,827,63,1,NULL,NULL),(206,827,64,1,NULL,NULL),(207,831,64,1,NULL,NULL),(208,835,64,1,NULL,NULL),(209,869,64,1,NULL,NULL),(210,869,63,1,NULL,NULL),(211,870,64,1,NULL,NULL),(212,870,63,1,NULL,NULL),(213,870,62,1,NULL,NULL),(214,872,64,1,NULL,NULL),(215,886,64,3,NULL,NULL),(216,887,64,3,NULL,NULL),(217,888,64,3,NULL,NULL),(218,889,64,3,NULL,NULL),(219,890,64,3,NULL,NULL),(220,891,64,3,NULL,NULL),(221,897,64,1,NULL,NULL),(222,898,64,1,NULL,NULL),(223,898,63,2,NULL,NULL),(224,900,64,3,NULL,NULL),(225,900,63,2,NULL,NULL),(226,901,64,1,NULL,NULL),(227,901,63,1,NULL,NULL),(228,903,64,1,NULL,NULL),(229,903,63,1,NULL,NULL),(230,908,64,3,NULL,NULL),(231,908,63,2,NULL,NULL),(232,912,64,2,NULL,NULL),(233,915,62,2,NULL,NULL),(234,918,64,2,NULL,NULL),(235,1046,64,1,NULL,NULL),(236,1046,63,1,NULL,NULL),(237,1046,61,1,NULL,NULL),(238,1048,59,3,NULL,NULL),(239,1050,59,3,NULL,NULL),(240,1051,59,3,NULL,NULL),(241,1052,64,2,NULL,NULL),(242,1052,63,3,NULL,NULL),(243,1053,64,2,NULL,NULL),(244,1053,63,3,NULL,NULL),(245,1055,64,2,NULL,NULL),(246,1055,63,3,NULL,NULL),(247,1056,64,2,NULL,NULL),(248,1056,63,3,NULL,NULL),(249,1057,64,10,NULL,NULL),(250,1058,64,3,NULL,NULL),(251,1061,64,7,NULL,NULL),(252,1062,64,6,NULL,NULL),(253,1063,64,6,NULL,NULL),(254,1064,64,6,NULL,NULL),(255,1065,64,4,NULL,NULL),(256,1066,64,4,NULL,NULL),(257,1067,64,4,NULL,NULL),(258,1068,64,4,NULL,NULL),(259,1069,64,4,NULL,NULL),(260,1071,64,4,NULL,NULL),(261,1072,64,5,NULL,NULL),(262,1073,64,5,NULL,NULL),(263,1074,64,5,NULL,NULL),(264,1075,64,5,NULL,NULL),(265,1076,64,5,NULL,NULL),(266,1077,64,5,NULL,NULL),(267,1078,64,5,NULL,NULL),(268,1079,64,5,NULL,NULL),(269,1080,64,5,NULL,NULL),(270,1081,64,5,NULL,NULL),(271,1082,64,5,NULL,NULL),(272,1083,64,5,NULL,NULL),(273,1084,64,5,NULL,NULL),(274,1085,64,5,NULL,NULL),(275,1086,64,5,NULL,NULL),(276,1087,64,5,NULL,NULL),(277,1088,64,5,NULL,NULL),(278,1089,64,5,NULL,NULL),(279,1090,64,5,NULL,NULL),(280,1091,64,5,NULL,NULL),(281,1092,64,5,NULL,NULL),(282,1093,64,5,NULL,NULL),(283,1094,64,5,NULL,NULL),(284,1095,64,5,NULL,NULL),(285,1096,64,5,NULL,NULL),(286,1097,64,5,NULL,NULL),(287,1098,64,5,NULL,NULL),(288,1099,64,5,NULL,NULL),(289,1100,64,5,NULL,NULL),(290,1101,64,5,NULL,NULL),(291,1102,64,5,NULL,NULL),(292,1103,64,5,NULL,NULL),(293,1105,64,5,NULL,NULL),(294,1108,64,5,NULL,NULL),(295,1119,64,28,NULL,NULL),(296,1134,61,26,NULL,NULL),(297,1140,63,5,NULL,NULL),(298,1142,63,7,NULL,NULL),(299,1146,63,4,NULL,NULL),(300,1148,63,2,NULL,NULL),(301,1151,63,2,NULL,NULL),(302,1159,62,2,NULL,NULL),(303,1173,62,4,NULL,NULL),(304,1173,60,8,NULL,NULL),(305,1177,64,1,NULL,NULL),(306,1199,63,2,NULL,NULL),(307,1213,63,1,NULL,NULL),(308,1213,62,3,NULL,NULL),(309,1242,59,4,NULL,NULL),(310,1244,63,6,NULL,NULL),(311,1248,63,15,'2024-07-17 14:27:12',NULL),(312,1248,61,8,'2024-07-17 14:27:12',NULL),(313,1248,62,5,'2024-07-17 14:27:12',NULL),(314,1260,59,4,'2024-07-17 16:20:28',NULL),(315,1275,65,1,'2024-07-18 15:19:54',NULL),(316,1275,61,4,'2024-07-18 15:19:54',NULL),(317,1283,65,3,'2024-07-19 10:01:16',NULL),(318,1283,62,6,'2024-07-19 10:01:16',NULL),(319,1283,60,2,'2024-07-19 10:01:16',NULL),(320,1284,65,100,'2024-07-19 10:07:00',NULL),(321,1287,60,1,'2024-07-19 11:16:12',NULL),(322,1287,62,3,'2024-07-19 11:16:12',NULL),(323,1288,62,1,'2024-07-19 11:16:17',NULL),(324,1289,62,1,'2024-07-19 11:17:42',NULL),(325,1289,60,1,'2024-07-19 11:17:42',NULL),(326,1290,60,1,'2024-07-19 13:37:26',NULL),(327,1291,62,1,'2024-07-19 13:37:29',NULL),(328,1292,60,1,'2024-07-19 13:37:32',NULL),(329,1293,60,1,'2024-07-19 13:37:34',NULL),(330,1294,60,1,'2024-07-19 13:37:36',NULL),(331,1295,60,1,'2024-07-19 13:37:39',NULL),(332,1354,64,2,'2024-07-22 09:58:52',NULL),(333,1422,63,1,'2024-07-22 11:53:18',NULL),(334,1422,65,1,'2024-07-22 11:53:18',NULL),(335,1427,65,1,'2024-07-22 11:57:23',NULL),(336,1469,65,5,'2024-07-22 16:18:17',NULL),(337,1469,63,9,'2024-07-22 16:18:17',NULL),(338,1476,65,2,'2024-07-22 16:41:26',NULL),(339,1488,65,4,'2024-07-23 10:31:43',NULL),(340,1488,63,3,'2024-07-23 10:31:43',NULL),(341,1488,64,1,'2024-07-23 10:31:43',NULL),(342,1488,59,5,'2024-07-23 10:31:43',NULL),(343,1491,61,2,'2024-07-23 13:48:02',NULL),(344,1491,65,6,'2024-07-23 13:48:02',NULL),(345,1518,65,4,'2024-07-25 11:05:02',NULL),(346,1518,60,1,'2024-07-25 11:05:02',NULL),(347,1560,65,1,'2024-08-05 12:09:18',NULL),(348,1564,65,1,'2024-08-06 11:31:30',NULL),(349,1564,64,4,'2024-08-06 11:31:30',NULL),(350,1565,61,2,'2024-08-06 11:31:43',NULL),(351,1568,65,4,'2024-08-06 11:37:02',NULL),(352,1581,61,1,'2024-08-08 14:45:40',NULL),(353,1581,62,1,'2024-08-08 14:45:40',NULL),(354,1617,63,3,'2024-08-08 16:05:33',NULL),(355,1618,64,7,'2024-08-08 16:05:56',NULL),(356,1621,60,2,'2024-08-08 16:08:54',NULL),(357,1622,61,1,'2024-08-08 16:09:28',NULL),(358,1710,63,2,'2024-08-12 10:55:36',NULL),(359,1721,63,1,'2024-08-12 11:31:54',NULL),(360,1721,64,2,'2024-08-12 11:31:54',NULL),(361,1726,63,1,'2024-08-12 11:35:38',NULL),(362,1726,64,2,'2024-08-12 11:35:38',NULL),(363,1727,63,1,'2024-08-12 11:36:12',NULL),(364,1727,64,2,'2024-08-12 11:36:12',NULL),(365,1729,63,1,'2024-08-12 11:36:22',NULL),(366,1729,64,2,'2024-08-12 11:36:22',NULL),(367,1730,63,1,'2024-08-12 11:36:29',NULL),(368,1730,64,2,'2024-08-12 11:36:29',NULL),(369,1731,63,1,'2024-08-12 11:36:30',NULL),(370,1731,64,2,'2024-08-12 11:36:30',NULL),(371,1732,63,1,'2024-08-12 11:36:30',NULL),(372,1732,64,2,'2024-08-12 11:36:30',NULL),(373,1733,63,1,'2024-08-12 11:36:34',NULL),(374,1734,63,1,'2024-08-12 11:36:34',NULL),(375,1733,64,2,'2024-08-12 11:36:34',NULL),(376,1734,64,2,'2024-08-12 11:36:34',NULL),(377,1735,63,1,'2024-08-12 11:36:34',NULL),(378,1735,64,2,'2024-08-12 11:36:34',NULL),(379,1736,63,1,'2024-08-12 11:36:34',NULL),(380,1737,63,1,'2024-08-12 11:36:35',NULL),(381,1736,64,2,'2024-08-12 11:36:34',NULL),(382,1737,64,2,'2024-08-12 11:36:35',NULL),(383,1738,63,2,'2024-08-12 11:36:47',NULL),(384,1739,64,1,'2024-08-12 11:38:48',NULL),(385,1741,64,1,'2024-08-12 11:39:02',NULL),(386,1743,64,2,'2024-08-12 11:46:50',NULL),(387,1743,65,3,'2024-08-12 11:46:50',NULL),(388,1744,64,2,'2024-08-12 11:49:10',NULL),(389,1744,65,1,'2024-08-12 11:49:10',NULL),(390,1745,63,2,'2024-08-12 11:55:00',NULL),(391,1745,64,3,'2024-08-12 11:55:00',NULL),(392,1748,64,2,'2024-08-12 12:01:02',NULL),(393,1749,64,2,'2024-08-12 12:01:05',NULL),(394,1751,65,1,'2024-08-12 12:01:28',NULL),(395,1752,65,1,'2024-08-12 12:01:32',NULL),(396,1753,65,1,'2024-08-12 12:01:39',NULL),(397,1755,64,2,'2024-08-12 12:02:51',NULL),(398,1766,63,2,'2024-08-12 12:30:33',NULL),(399,1766,64,1,'2024-08-12 12:30:33',NULL),(400,1768,64,1,'2024-08-12 12:33:44',NULL),(401,1768,65,1,'2024-08-12 12:33:44',NULL),(402,1769,65,2,'2024-08-12 12:34:13',NULL),(403,1769,64,1,'2024-08-12 12:34:13',NULL),(404,1772,65,2,'2024-08-12 12:35:24',NULL),(405,1772,64,1,'2024-08-12 12:35:24',NULL),(406,1774,65,2,'2024-08-12 12:42:50',NULL),(407,1774,64,1,'2024-08-12 12:42:50',NULL),(408,1775,65,2,'2024-08-12 12:42:54',NULL),(409,1775,64,1,'2024-08-12 12:42:54',NULL),(410,1777,65,2,'2024-08-12 12:44:09',NULL),(411,1777,64,1,'2024-08-12 12:44:09',NULL),(412,1778,65,2,'2024-08-12 12:44:11',NULL),(413,1778,64,1,'2024-08-12 12:44:11',NULL),(414,1779,65,2,'2024-08-12 12:44:11',NULL),(415,1779,64,1,'2024-08-12 12:44:11',NULL),(416,1782,65,2,'2024-08-12 12:46:01',NULL),(417,1782,64,1,'2024-08-12 12:46:01',NULL),(418,1783,64,1,'2024-08-12 13:49:03',NULL),(419,1784,64,1,'2024-08-12 13:49:25',NULL),(420,1785,64,1,'2024-08-12 13:50:25',NULL),(421,1788,64,1,'2024-08-12 14:15:39',NULL),(422,1789,63,1,'2024-08-12 14:17:24',NULL),(423,1789,64,2,'2024-08-12 14:17:24',NULL),(424,1791,63,1,'2024-08-12 14:17:40',NULL),(425,1791,64,2,'2024-08-12 14:17:40',NULL),(426,1792,63,1,'2024-08-12 14:17:44',NULL),(427,1792,64,2,'2024-08-12 14:17:44',NULL),(428,1793,63,1,'2024-08-12 14:17:50',NULL),(429,1794,63,1,'2024-08-12 14:17:51',NULL),(430,1795,63,1,'2024-08-12 14:17:52',NULL),(431,1796,63,1,'2024-08-12 14:17:52',NULL),(432,1797,63,1,'2024-08-12 14:17:52',NULL),(433,1798,63,1,'2024-08-12 14:17:52',NULL),(434,1799,63,1,'2024-08-12 14:17:53',NULL),(435,1800,63,1,'2024-08-12 14:17:53',NULL),(436,1801,63,1,'2024-08-12 14:17:53',NULL),(437,1802,63,1,'2024-08-12 14:17:53',NULL),(438,1803,63,1,'2024-08-12 14:17:53',NULL),(439,1804,63,1,'2024-08-12 14:17:53',NULL),(440,1805,63,1,'2024-08-12 14:17:53',NULL),(441,1806,63,1,'2024-08-12 14:17:54',NULL),(442,1807,63,1,'2024-08-12 14:17:54',NULL),(443,1808,63,1,'2024-08-12 14:17:54',NULL),(444,1809,63,1,'2024-08-12 14:17:54',NULL),(445,1810,63,1,'2024-08-12 14:17:54',NULL),(446,1811,63,1,'2024-08-12 14:17:54',NULL),(447,1812,63,1,'2024-08-12 14:17:54',NULL),(448,1813,63,1,'2024-08-12 14:17:55',NULL),(449,1814,63,1,'2024-08-12 14:17:55',NULL),(450,1815,63,1,'2024-08-12 14:17:55',NULL),(451,1816,63,1,'2024-08-12 14:17:55',NULL),(452,1817,63,1,'2024-08-12 14:17:55',NULL),(453,1818,63,1,'2024-08-12 14:17:56',NULL),(454,1819,63,1,'2024-08-12 14:17:56',NULL),(455,1820,63,1,'2024-08-12 14:17:56',NULL),(456,1821,63,1,'2024-08-12 14:17:56',NULL),(457,1822,63,1,'2024-08-12 14:17:56',NULL),(458,1823,63,1,'2024-08-12 14:17:56',NULL),(459,1824,63,1,'2024-08-12 14:17:56',NULL),(460,1825,63,1,'2024-08-12 14:17:57',NULL),(461,1826,63,1,'2024-08-12 14:17:57',NULL),(462,1827,63,1,'2024-08-12 14:17:57',NULL),(463,1828,63,1,'2024-08-12 14:17:57',NULL),(464,1829,63,1,'2024-08-12 14:17:57',NULL),(465,1830,63,1,'2024-08-12 14:17:57',NULL),(466,1831,63,1,'2024-08-12 14:17:57',NULL),(467,1832,63,1,'2024-08-12 14:17:58',NULL),(468,1833,63,1,'2024-08-12 14:17:58',NULL),(469,1834,63,1,'2024-08-12 14:17:58',NULL),(470,1835,63,1,'2024-08-12 14:17:58',NULL),(471,1836,63,1,'2024-08-12 14:17:58',NULL),(472,1837,63,1,'2024-08-12 14:17:58',NULL),(473,1838,63,1,'2024-08-12 14:17:59',NULL),(474,1839,63,1,'2024-08-12 14:17:59',NULL),(475,1840,63,1,'2024-08-12 14:17:59',NULL),(476,1841,63,1,'2024-08-12 14:17:59',NULL),(477,1842,63,1,'2024-08-12 14:17:59',NULL),(478,1843,63,1,'2024-08-12 14:17:59',NULL),(479,1844,63,1,'2024-08-12 14:18:00',NULL),(480,1845,63,1,'2024-08-12 14:18:00',NULL),(481,1846,63,1,'2024-08-12 14:18:00',NULL),(482,1847,63,1,'2024-08-12 14:18:00',NULL),(483,1848,63,1,'2024-08-12 14:18:00',NULL),(484,1860,65,3,'2024-08-12 14:25:21',NULL),(485,1861,65,3,'2024-08-12 14:25:23',NULL),(486,1862,65,3,'2024-08-12 14:25:24',NULL),(487,1863,65,3,'2024-08-12 14:25:25',NULL),(488,1864,65,3,'2024-08-12 14:25:26',NULL),(489,1865,65,3,'2024-08-12 14:31:19',NULL),(490,1867,63,2,'2024-08-12 15:11:49',NULL),(491,1867,64,1,'2024-08-12 15:11:49',NULL),(492,1868,65,1,'2024-08-12 15:16:15',NULL),(493,1868,64,3,'2024-08-12 15:16:15',NULL),(494,1869,65,1,'2024-08-12 15:21:29',2),(495,1869,64,3,'2024-08-12 15:21:29',2),(496,1870,64,1,'2024-08-12 15:31:17',2),(497,1871,64,2,'2024-08-12 15:34:46',1),(498,1872,64,1,'2024-08-12 15:35:18',1),(499,1874,64,2,'2024-08-12 15:36:37',1),(500,1876,64,3,'2024-08-12 15:40:37',1),(501,1876,63,2,'2024-08-12 15:40:37',1),(502,1877,64,3,'2024-08-12 15:42:34',2),(503,1877,63,2,'2024-08-12 15:42:34',2),(504,1878,64,3,'2024-08-12 15:42:37',1),(505,1878,63,2,'2024-08-12 15:42:37',1),(506,1880,64,3,'2024-08-12 15:42:49',1),(507,1880,63,2,'2024-08-12 15:42:49',1),(508,1882,64,3,'2024-08-12 16:26:39',1),(509,1882,63,2,'2024-08-12 16:26:39',1),(510,1883,63,2,'2024-08-12 16:27:00',1),(511,1883,64,1,'2024-08-12 16:27:00',1),(512,1884,64,1,'2024-08-12 16:27:13',2),(513,1884,65,1,'2024-08-12 16:27:13',2),(514,1886,64,1,'2024-08-12 16:28:05',2),(515,1886,65,1,'2024-08-12 16:28:05',2),(516,1889,63,1,'2024-08-12 16:28:40',1),(517,1889,64,1,'2024-08-12 16:28:40',1),(518,1893,63,1,'2024-08-12 16:42:39',1),(519,1894,65,2,'2024-08-12 16:48:28',1),(520,1895,65,2,'2024-08-12 16:48:59',1),(521,1897,64,2,'2024-08-12 17:08:26',1),(522,1901,64,2,'2024-08-12 17:10:23',1),(523,1901,65,1,'2024-08-12 17:10:23',1),(524,1902,64,2,'2024-08-12 17:10:24',1),(525,1902,65,1,'2024-08-12 17:10:24',1),(526,1903,64,2,'2024-08-12 17:10:25',1),(527,1903,65,1,'2024-08-12 17:10:25',1),(528,1904,64,2,'2024-08-12 17:11:08',1),(529,1904,65,1,'2024-08-12 17:11:08',1),(530,1906,64,2,'2024-08-12 17:11:17',1),(531,1906,65,1,'2024-08-12 17:11:17',1),(532,1907,64,2,'2024-08-12 17:11:18',1),(533,1907,65,1,'2024-08-12 17:11:18',1),(534,1908,64,2,'2024-08-12 17:11:59',1),(535,1908,65,1,'2024-08-12 17:11:59',1),(536,1909,64,2,'2024-08-12 17:12:01',1),(537,1909,65,1,'2024-08-12 17:12:01',1),(538,1910,64,2,'2024-08-12 17:12:03',1),(539,1910,65,1,'2024-08-12 17:12:03',1),(540,1911,64,2,'2024-08-12 17:12:03',1),(541,1911,65,1,'2024-08-12 17:12:03',1),(542,1912,64,2,'2024-08-12 17:12:04',1),(543,1912,65,1,'2024-08-12 17:12:04',1),(544,1914,64,2,'2024-08-12 17:12:14',1),(545,1914,65,1,'2024-08-12 17:12:14',1),(546,1916,64,2,'2024-08-12 17:12:55',1),(547,1916,65,1,'2024-08-12 17:12:55',1),(548,1919,64,1,'2024-08-12 17:13:59',1),(549,1919,63,2,'2024-08-12 17:13:59',1),(550,1920,64,1,'2024-08-12 17:14:14',1),(551,1921,64,1,'2024-08-12 17:14:50',1),(552,1921,63,1,'2024-08-12 17:14:50',1),(553,1923,64,2,'2024-08-12 17:15:06',1),(554,1924,63,2,'2024-08-12 17:15:52',1),(555,1925,63,1,'2024-08-12 17:16:09',1),(556,1926,64,1,'2024-08-12 17:18:29',1),(557,1927,64,1,'2024-08-12 17:19:47',1),(558,1928,63,1,'2024-08-12 17:20:16',1),(559,1931,64,1,'2024-08-12 17:20:31',1),(560,1933,64,1,'2024-08-12 17:22:50',1),(561,1935,64,1,'2024-08-12 17:23:16',1),(562,1941,65,2,'2024-08-13 14:25:57',2),(563,1944,65,2,'2024-08-13 14:27:16',1),(564,1948,64,2,'2024-08-13 14:50:21',1),(565,1950,64,3,'2024-08-13 14:52:46',1),(566,1951,61,1,'2024-08-13 14:52:58',1),(572,1961,64,1,'2024-08-13 14:57:07',1),(573,1962,64,1,'2024-08-13 14:59:17',1),(574,1962,61,2,'2024-08-13 14:59:17',1),(575,1964,64,2,'2024-08-13 15:00:37',1),(576,1965,64,1,'2024-08-13 15:01:49',1),(577,1968,65,1,'2024-08-13 15:21:03',1),(578,1968,64,1,'2024-08-13 15:21:03',1),(579,2053,63,2,'2024-08-14 15:52:30',1),(580,2180,61,1,'2024-08-15 10:42:33',1),(581,2189,60,2,'2024-08-15 10:44:56',1),(582,2189,61,4,'2024-08-15 10:44:56',1),(583,2193,61,1,'2024-08-15 10:45:26',2),(584,2199,61,1,'2024-08-15 10:49:19',1),(585,2220,61,1,'2024-08-15 10:54:50',1),(587,2232,60,2,'2024-08-15 11:03:19',2),(588,2273,61,1,'2024-08-15 11:47:26',1),(589,2297,61,2,'2024-08-15 12:27:12',1),(591,2301,61,1,'2024-08-15 12:33:16',1),(595,2329,64,1,'2024-08-20 11:30:36',2),(596,2329,61,1,'2024-08-20 11:30:36',2),(599,2346,62,1,'2024-08-20 12:24:10',1),(600,2354,62,2,'2024-08-20 12:27:41',NULL),(601,2355,62,1,'2024-08-20 12:27:50',NULL),(602,2357,62,2,'2024-08-20 13:32:41',NULL),(603,2368,62,2,'2024-08-20 13:58:06',NULL),(604,2369,62,2,'2024-08-20 13:58:26',NULL),(605,2373,62,1,'2024-08-20 13:59:09',NULL),(606,2459,60,9,'2024-08-20 14:54:58',NULL),(607,2459,59,8,'2024-08-20 14:54:58',NULL),(608,2592,62,8,'2024-08-20 16:26:39',NULL),(609,2592,60,7,'2024-08-20 16:26:39',NULL),(610,2592,59,4,'2024-08-20 16:26:39',NULL),(611,2640,63,1,'2024-09-05 15:11:29',2);
/*!40000 ALTER TABLE `detailsOrder` ENABLE KEYS */;
UNLOCK TABLES;

--
-- Table structure for table `ingredient`
--

DROP TABLE IF EXISTS `ingredient`;
/*!40101 SET @saved_cs_client     = @@character_set_client */;
/*!50503 SET character_set_client = utf8mb4 */;
CREATE TABLE `ingredient` (
  `ingre_id` int unsigned NOT NULL AUTO_INCREMENT,
  `ingre_name` varchar(255) CHARACTER SET utf8mb4 COLLATE utf8mb4_unicode_ci DEFAULT NULL,
  `ingre_price` decimal(8,2) DEFAULT NULL,
  PRIMARY KEY (`ingre_id`)
) ENGINE=InnoDB DEFAULT CHARSET=utf8mb4 COLLATE=utf8mb4_unicode_ci;
/*!40101 SET character_set_client = @saved_cs_client */;

--
-- Dumping data for table `ingredient`
--

LOCK TABLES `ingredient` WRITE;
/*!40000 ALTER TABLE `ingredient` DISABLE KEYS */;
/*!40000 ALTER TABLE `ingredient` ENABLE KEYS */;
UNLOCK TABLES;

--
-- Table structure for table `order`
--

DROP TABLE IF EXISTS `order`;
/*!40101 SET @saved_cs_client     = @@character_set_client */;
/*!50503 SET character_set_client = utf8mb4 */;
CREATE TABLE `order` (
  `ord_id` int unsigned NOT NULL AUTO_INCREMENT,
  `cust_id` int unsigned DEFAULT NULL,
  `ord_date` datetime DEFAULT CURRENT_TIMESTAMP,
  `ord_totalAmount` decimal(8,2) DEFAULT NULL,
  `ord_payMethod` enum('Cash','TnG','Grab') CHARACTER SET utf8mb4 COLLATE utf8mb4_unicode_ci DEFAULT NULL,
  `ord_dis` decimal(8,2) DEFAULT NULL,
  `ord_delFee` decimal(8,2) DEFAULT NULL,
  `ord_promoCode` varchar(255) CHARACTER SET utf8mb4 COLLATE utf8mb4_unicode_ci DEFAULT NULL,
  `ord_stat` varchar(255) CHARACTER SET utf8mb4 COLLATE utf8mb4_unicode_ci DEFAULT NULL,
  `ord_isTA` tinyint(1) DEFAULT NULL,
  `ord_paidCash` decimal(8,2) DEFAULT NULL,
  `ord_changeAmount` decimal(8,2) DEFAULT NULL,
  `pro_id` int unsigned DEFAULT NULL,
  `ord_quantity` int DEFAULT NULL,
  PRIMARY KEY (`ord_id`),
  KEY `order_cust_id_foreign` (`cust_id`),
  KEY `order_pro_id_foreign` (`pro_id`),
  CONSTRAINT `order_cust_id_foreign` FOREIGN KEY (`cust_id`) REFERENCES `customer` (`cust_id`) ON DELETE CASCADE ON UPDATE CASCADE,
  CONSTRAINT `order_pro_id_foreign` FOREIGN KEY (`pro_id`) REFERENCES `product` (`pro_id`) ON DELETE CASCADE ON UPDATE CASCADE
) ENGINE=InnoDB AUTO_INCREMENT=2642 DEFAULT CHARSET=utf8mb4 COLLATE=utf8mb4_unicode_ci;
/*!40101 SET character_set_client = @saved_cs_client */;

--
-- Dumping data for table `order`
--

LOCK TABLES `order` WRITE;
/*!40000 ALTER TABLE `order` DISABLE KEYS */;
INSERT INTO `order` VALUES (332,NULL,'2024-07-01 13:49:39',69.00,'Grab',NULL,NULL,NULL,NULL,NULL,0.00,0.00,NULL,3),(380,NULL,'2024-07-01 16:34:36',44.00,'TnG',NULL,NULL,NULL,NULL,NULL,0.00,0.00,NULL,NULL),(381,NULL,'2024-07-01 16:34:40',9.00,'TnG',NULL,NULL,NULL,NULL,NULL,0.00,0.00,NULL,NULL),(382,NULL,'2024-07-01 16:34:48',36.00,'TnG',NULL,NULL,NULL,NULL,NULL,0.00,0.00,NULL,NULL),(383,NULL,'2024-07-01 16:34:54',21.00,'Grab',NULL,NULL,NULL,NULL,NULL,0.00,0.00,NULL,NULL),(384,NULL,'2024-07-01 16:35:02',21.20,'Cash',NULL,NULL,NULL,NULL,1,22.00,0.80,NULL,NULL),(385,NULL,'2024-07-01 16:35:03',21.20,'Cash',NULL,NULL,NULL,NULL,1,22.00,0.80,NULL,NULL),(386,NULL,'2024-07-01 16:35:03',21.20,'Cash',NULL,NULL,NULL,NULL,1,22.00,0.80,NULL,NULL),(387,NULL,'2024-07-01 16:35:03',21.20,'Cash',NULL,NULL,NULL,NULL,1,22.00,0.80,NULL,NULL),(388,NULL,'2024-07-01 16:35:03',21.20,'Cash',NULL,NULL,NULL,NULL,1,22.00,0.80,NULL,NULL),(389,NULL,'2024-07-01 16:36:15',36.20,'Grab',NULL,NULL,NULL,NULL,1,22.00,0.00,NULL,NULL),(391,NULL,'2024-07-01 16:38:16',21.00,'TnG',NULL,NULL,NULL,NULL,NULL,0.00,0.00,NULL,NULL),(392,NULL,'2024-07-01 16:38:21',9.00,'TnG',NULL,NULL,NULL,NULL,NULL,0.00,0.00,NULL,NULL),(394,NULL,'2024-07-01 16:40:59',21.00,'TnG',NULL,NULL,NULL,NULL,NULL,0.00,0.00,NULL,NULL),(395,NULL,'2024-07-01 16:41:02',12.00,'TnG',NULL,NULL,NULL,NULL,NULL,0.00,0.00,NULL,NULL),(396,NULL,'2024-07-01 16:42:29',121.00,'Grab',NULL,NULL,NULL,NULL,NULL,0.00,0.00,NULL,NULL),(398,NULL,'2024-07-01 16:43:21',44.00,'TnG',NULL,NULL,NULL,NULL,NULL,0.00,0.00,NULL,NULL),(399,NULL,'2024-07-01 16:43:24',56.00,'TnG',NULL,NULL,NULL,NULL,NULL,0.00,0.00,NULL,NULL),(400,NULL,'2024-07-01 16:43:40',35.00,'Grab',NULL,NULL,NULL,NULL,NULL,0.00,0.00,NULL,NULL),(401,NULL,'2024-07-01 16:43:41',35.00,'Grab',NULL,NULL,NULL,NULL,NULL,0.00,0.00,NULL,NULL),(402,NULL,'2024-07-01 16:43:41',35.00,'Grab',NULL,NULL,NULL,NULL,NULL,0.00,0.00,NULL,NULL),(403,NULL,'2024-07-01 16:43:41',35.00,'Grab',NULL,NULL,NULL,NULL,NULL,0.00,0.00,NULL,NULL),(404,NULL,'2024-07-01 16:43:42',35.00,'Grab',NULL,NULL,NULL,NULL,NULL,0.00,0.00,NULL,NULL),(405,NULL,'2024-07-01 16:43:48',35.00,'Cash',NULL,NULL,NULL,NULL,NULL,36.00,1.00,NULL,NULL),(406,NULL,'2024-07-01 16:43:50',35.20,'Cash',NULL,NULL,NULL,NULL,1,36.00,0.80,NULL,NULL),(407,NULL,'2024-07-01 16:43:57',58.20,'Cash',NULL,NULL,NULL,NULL,1,60.00,1.80,NULL,NULL),(408,NULL,'2024-07-01 16:45:06',440.20,'Grab',NULL,NULL,NULL,NULL,NULL,0.00,0.00,NULL,NULL),(416,NULL,'2024-07-02 09:42:37',44.20,'Grab',NULL,NULL,NULL,NULL,1,0.00,0.00,NULL,NULL),(427,NULL,'2024-07-02 09:55:31',226.00,'Cash',NULL,NULL,NULL,NULL,NULL,300.00,74.00,NULL,NULL),(487,NULL,'2024-07-02 11:15:17',9.00,'Cash',NULL,NULL,NULL,NULL,NULL,11.00,2.00,NULL,NULL),(488,NULL,'2024-07-02 11:15:20',9.00,'Cash',NULL,NULL,NULL,NULL,NULL,10.00,1.00,NULL,NULL),(489,NULL,'2024-07-02 11:15:22',9.20,'Cash',NULL,NULL,NULL,NULL,1,10.00,0.80,NULL,NULL),(490,NULL,'2024-07-02 11:15:25',9.20,'Cash',NULL,NULL,NULL,NULL,1,10.00,0.80,NULL,NULL),(491,NULL,NULL,NULL,NULL,NULL,NULL,NULL,NULL,NULL,NULL,NULL,NULL,NULL),(492,NULL,'2024-07-02 11:17:34',23.00,'TnG',NULL,NULL,NULL,NULL,NULL,0.00,0.00,NULL,NULL),(493,NULL,'2024-07-02 11:17:37',46.00,'TnG',NULL,NULL,NULL,NULL,NULL,0.00,0.00,NULL,NULL),(494,NULL,'2024-07-02 11:17:44',44.00,'Grab',NULL,NULL,NULL,NULL,NULL,0.00,0.00,NULL,NULL),(495,NULL,'2024-07-02 11:17:47',44.00,'Grab',NULL,NULL,NULL,NULL,NULL,0.00,0.00,NULL,NULL),(496,NULL,NULL,NULL,NULL,NULL,NULL,NULL,NULL,NULL,NULL,NULL,NULL,NULL),(497,NULL,NULL,NULL,NULL,NULL,NULL,NULL,NULL,NULL,NULL,NULL,NULL,NULL),(498,NULL,NULL,NULL,NULL,NULL,NULL,NULL,NULL,NULL,NULL,NULL,NULL,NULL),(499,NULL,'2024-07-02 12:09:15',9.00,'Grab',NULL,NULL,NULL,NULL,NULL,0.00,0.00,NULL,NULL),(500,NULL,'2024-07-02 13:52:30',9.00,'Grab',NULL,NULL,NULL,NULL,NULL,0.00,0.00,NULL,NULL),(501,NULL,'2024-07-02 13:53:13',18.00,'Grab',NULL,NULL,NULL,NULL,NULL,0.00,0.00,NULL,NULL),(502,NULL,NULL,NULL,NULL,NULL,NULL,NULL,NULL,NULL,NULL,NULL,NULL,NULL),(503,NULL,'2024-07-02 13:55:26',44.00,'TnG',NULL,NULL,NULL,NULL,NULL,0.00,0.00,NULL,NULL),(504,NULL,'2024-07-02 13:55:29',9.00,'TnG',NULL,NULL,NULL,NULL,NULL,0.00,0.00,NULL,NULL),(505,NULL,'2024-07-02 13:55:39',47.00,'Grab',NULL,NULL,NULL,NULL,NULL,0.00,0.00,NULL,NULL),(506,NULL,NULL,NULL,NULL,NULL,NULL,NULL,NULL,NULL,NULL,NULL,NULL,NULL),(507,NULL,NULL,NULL,NULL,NULL,NULL,NULL,NULL,NULL,NULL,NULL,NULL,NULL),(508,NULL,'2024-07-02 14:09:19',21.00,'TnG',NULL,NULL,NULL,NULL,NULL,0.00,0.00,NULL,NULL),(509,NULL,'2024-07-02 14:09:22',33.00,'TnG',NULL,NULL,NULL,NULL,NULL,0.00,0.00,NULL,NULL),(510,NULL,'2024-07-02 14:09:23',33.00,'TnG',NULL,NULL,NULL,NULL,NULL,0.00,0.00,NULL,NULL),(511,NULL,NULL,NULL,NULL,NULL,NULL,NULL,NULL,NULL,NULL,NULL,NULL,NULL),(512,NULL,NULL,NULL,NULL,NULL,NULL,NULL,NULL,NULL,NULL,NULL,NULL,NULL),(513,NULL,'2024-07-02 14:10:02',21.00,'Grab',NULL,NULL,NULL,NULL,NULL,0.00,0.00,NULL,NULL),(514,NULL,'2024-07-02 14:10:04',33.00,'Grab',NULL,NULL,NULL,NULL,NULL,0.00,0.00,NULL,NULL),(515,NULL,NULL,NULL,NULL,NULL,NULL,NULL,NULL,NULL,NULL,NULL,NULL,NULL),(516,NULL,'2024-07-02 14:10:33',21.00,'Grab',NULL,NULL,NULL,NULL,NULL,0.00,0.00,NULL,NULL),(517,NULL,'2024-07-02 14:10:35',33.00,'Grab',NULL,NULL,NULL,NULL,NULL,0.00,0.00,NULL,NULL),(518,NULL,NULL,NULL,NULL,NULL,NULL,NULL,NULL,NULL,NULL,NULL,NULL,NULL),(519,NULL,'2024-07-02 14:10:57',33.00,'Grab',NULL,NULL,NULL,NULL,NULL,0.00,0.00,NULL,NULL),(520,NULL,'2024-07-02 14:10:59',21.00,'Grab',NULL,NULL,NULL,NULL,NULL,0.00,0.00,NULL,NULL),(521,NULL,'2024-07-02 14:11:05',21.00,'TnG',NULL,NULL,NULL,NULL,NULL,0.00,0.00,NULL,NULL),(522,NULL,'2024-07-02 14:11:08',33.00,'TnG',NULL,NULL,NULL,NULL,NULL,0.00,0.00,NULL,NULL),(523,NULL,'2024-07-02 14:15:25',23.00,'TnG',NULL,NULL,NULL,NULL,NULL,0.00,0.00,NULL,NULL),(524,NULL,NULL,NULL,NULL,NULL,NULL,NULL,NULL,NULL,NULL,NULL,NULL,NULL),(525,NULL,'2024-07-02 14:17:06',44.00,'Grab',NULL,NULL,NULL,NULL,NULL,0.00,0.00,NULL,NULL),(526,NULL,'2024-07-02 14:18:47',44.00,'Grab',NULL,NULL,NULL,NULL,NULL,0.00,0.00,NULL,NULL),(527,NULL,'2024-07-02 14:19:00',56.00,'Grab',NULL,NULL,NULL,NULL,NULL,0.00,0.00,NULL,NULL),(528,NULL,'2024-07-02 14:20:05',9.00,'TnG',NULL,NULL,NULL,NULL,NULL,0.00,0.00,NULL,NULL),(529,NULL,'2024-07-02 14:20:08',9.00,'TnG',NULL,NULL,NULL,NULL,NULL,0.00,0.00,NULL,NULL),(530,NULL,NULL,NULL,NULL,NULL,NULL,NULL,NULL,NULL,NULL,NULL,NULL,NULL),(531,NULL,'2024-07-02 14:21:35',32.00,'Grab',NULL,NULL,NULL,NULL,NULL,0.00,0.00,NULL,NULL),(532,NULL,'2024-07-02 14:21:38',41.00,'Grab',NULL,NULL,NULL,NULL,NULL,0.00,0.00,NULL,NULL),(533,NULL,'2024-07-02 14:21:46',42.00,'Grab',NULL,NULL,NULL,NULL,NULL,0.00,0.00,NULL,NULL),(534,NULL,NULL,NULL,NULL,NULL,NULL,NULL,NULL,NULL,NULL,NULL,NULL,NULL),(535,NULL,'2024-07-02 14:22:17',42.00,'Grab',NULL,NULL,NULL,NULL,NULL,0.00,0.00,NULL,NULL),(536,NULL,'2024-07-02 14:22:19',54.00,'Grab',NULL,NULL,NULL,NULL,NULL,0.00,0.00,NULL,NULL),(537,NULL,NULL,NULL,NULL,NULL,NULL,NULL,NULL,NULL,NULL,NULL,NULL,NULL),(538,NULL,NULL,NULL,NULL,NULL,NULL,NULL,NULL,NULL,NULL,NULL,NULL,NULL),(539,NULL,NULL,NULL,NULL,NULL,NULL,NULL,NULL,NULL,NULL,NULL,NULL,NULL),(540,NULL,'2024-07-02 14:25:06',21.00,'TnG',NULL,NULL,NULL,NULL,NULL,0.00,0.00,NULL,NULL),(541,NULL,'2024-07-02 14:25:08',33.00,'TnG',NULL,NULL,NULL,NULL,NULL,0.00,0.00,NULL,NULL),(542,NULL,'2024-07-02 14:25:12',9.00,'TnG',NULL,NULL,NULL,NULL,NULL,0.00,0.00,NULL,NULL),(543,NULL,'2024-07-02 14:25:14',9.00,'TnG',NULL,NULL,NULL,NULL,NULL,0.00,0.00,NULL,NULL),(544,NULL,'2024-07-02 14:25:14',9.00,'TnG',NULL,NULL,NULL,NULL,NULL,0.00,0.00,NULL,NULL),(545,NULL,'2024-07-02 14:25:15',9.00,'TnG',NULL,NULL,NULL,NULL,NULL,0.00,0.00,NULL,NULL),(546,NULL,'2024-07-02 14:25:15',9.00,'TnG',NULL,NULL,NULL,NULL,NULL,0.00,0.00,NULL,NULL),(547,NULL,'2024-07-02 14:25:15',9.00,'TnG',NULL,NULL,NULL,NULL,NULL,0.00,0.00,NULL,NULL),(548,NULL,'2024-07-02 14:25:15',9.00,'TnG',NULL,NULL,NULL,NULL,NULL,0.00,0.00,NULL,NULL),(549,NULL,'2024-07-02 14:25:15',9.00,'TnG',NULL,NULL,NULL,NULL,NULL,0.00,0.00,NULL,NULL),(550,NULL,'2024-07-02 14:25:16',9.00,'TnG',NULL,NULL,NULL,NULL,NULL,0.00,0.00,NULL,NULL),(551,NULL,'2024-07-02 14:25:16',9.00,'TnG',NULL,NULL,NULL,NULL,NULL,0.00,0.00,NULL,NULL),(552,NULL,'2024-07-02 14:25:16',9.00,'TnG',NULL,NULL,NULL,NULL,NULL,0.00,0.00,NULL,NULL),(553,NULL,'2024-07-02 14:25:16',9.00,'TnG',NULL,NULL,NULL,NULL,NULL,0.00,0.00,NULL,NULL),(554,NULL,'2024-07-02 14:25:16',9.00,'TnG',NULL,NULL,NULL,NULL,NULL,0.00,0.00,NULL,NULL),(555,NULL,'2024-07-02 14:25:16',9.00,'TnG',NULL,NULL,NULL,NULL,NULL,0.00,0.00,NULL,NULL),(556,NULL,'2024-07-02 14:25:16',9.00,'TnG',NULL,NULL,NULL,NULL,NULL,0.00,0.00,NULL,NULL),(557,NULL,'2024-07-02 14:25:16',9.00,'TnG',NULL,NULL,NULL,NULL,NULL,0.00,0.00,NULL,NULL),(558,NULL,'2024-07-02 14:25:20',18.00,'TnG',NULL,NULL,NULL,NULL,NULL,0.00,0.00,NULL,NULL),(559,NULL,NULL,NULL,NULL,NULL,NULL,NULL,NULL,NULL,NULL,NULL,NULL,NULL),(560,NULL,NULL,NULL,NULL,NULL,NULL,NULL,NULL,NULL,NULL,NULL,NULL,NULL),(561,NULL,'2024-07-02 14:45:20',12.00,'TnG',NULL,NULL,NULL,NULL,NULL,0.00,0.00,NULL,NULL),(562,NULL,'2024-07-02 14:45:22',12.00,'TnG',NULL,NULL,NULL,NULL,NULL,0.00,0.00,NULL,NULL),(563,NULL,'2024-07-02 14:45:23',12.00,'TnG',NULL,NULL,NULL,NULL,NULL,0.00,0.00,NULL,NULL),(564,NULL,'2024-07-02 14:45:23',12.00,'TnG',NULL,NULL,NULL,NULL,NULL,0.00,0.00,NULL,NULL),(565,NULL,'2024-07-02 14:45:23',12.00,'TnG',NULL,NULL,NULL,NULL,NULL,0.00,0.00,NULL,NULL),(566,NULL,'2024-07-02 14:45:23',12.00,'TnG',NULL,NULL,NULL,NULL,NULL,0.00,0.00,NULL,NULL),(567,NULL,'2024-07-02 14:45:23',12.00,'TnG',NULL,NULL,NULL,NULL,NULL,0.00,0.00,NULL,NULL),(568,NULL,'2024-07-02 14:45:26',21.00,'TnG',NULL,NULL,NULL,NULL,NULL,0.00,0.00,NULL,NULL),(569,NULL,'2024-07-02 14:45:28',30.00,'TnG',NULL,NULL,NULL,NULL,NULL,0.00,0.00,NULL,NULL),(570,NULL,'2024-07-02 14:45:28',30.00,'TnG',NULL,NULL,NULL,NULL,NULL,0.00,0.00,NULL,NULL),(571,NULL,'2024-07-02 14:45:32',53.00,'TnG',NULL,NULL,NULL,NULL,NULL,0.00,0.00,NULL,NULL),(572,NULL,'2024-07-02 14:45:32',53.00,'TnG',NULL,NULL,NULL,NULL,NULL,0.00,0.00,NULL,NULL),(573,NULL,'2024-07-02 14:45:32',53.00,'TnG',NULL,NULL,NULL,NULL,NULL,0.00,0.00,NULL,NULL),(574,NULL,NULL,NULL,NULL,NULL,NULL,NULL,NULL,NULL,NULL,NULL,NULL,NULL),(575,NULL,'2024-07-02 14:46:34',44.00,'TnG',NULL,NULL,NULL,NULL,NULL,0.00,0.00,NULL,NULL),(576,NULL,'2024-07-02 14:46:39',44.00,'TnG',NULL,NULL,NULL,NULL,NULL,0.00,0.00,NULL,NULL),(577,NULL,'2024-07-02 14:46:40',44.00,'TnG',NULL,NULL,NULL,NULL,NULL,0.00,0.00,NULL,NULL),(578,NULL,'2024-07-02 14:46:42',53.00,'TnG',NULL,NULL,NULL,NULL,NULL,0.00,0.00,NULL,NULL),(579,NULL,'2024-07-02 14:46:46',9.00,'TnG',NULL,NULL,NULL,NULL,NULL,0.00,0.00,NULL,NULL),(580,NULL,'2024-07-02 14:46:47',9.00,'TnG',NULL,NULL,NULL,NULL,NULL,0.00,0.00,NULL,NULL),(581,NULL,'2024-07-02 14:46:47',9.00,'TnG',NULL,NULL,NULL,NULL,NULL,0.00,0.00,NULL,NULL),(582,NULL,'2024-07-02 14:46:47',9.00,'TnG',NULL,NULL,NULL,NULL,NULL,0.00,0.00,NULL,NULL),(583,NULL,'2024-07-02 14:46:49',18.00,'TnG',NULL,NULL,NULL,NULL,NULL,0.00,0.00,NULL,NULL),(584,NULL,NULL,NULL,NULL,NULL,NULL,NULL,NULL,NULL,NULL,NULL,NULL,NULL),(585,NULL,'2024-07-02 14:48:06',21.00,'TnG',NULL,NULL,NULL,NULL,NULL,0.00,0.00,NULL,NULL),(586,NULL,'2024-07-02 14:48:07',21.00,'TnG',NULL,NULL,NULL,NULL,NULL,0.00,0.00,NULL,NULL),(587,NULL,'2024-07-02 14:48:07',21.00,'TnG',NULL,NULL,NULL,NULL,NULL,0.00,0.00,NULL,NULL),(588,NULL,'2024-07-02 14:48:07',21.00,'TnG',NULL,NULL,NULL,NULL,NULL,0.00,0.00,NULL,NULL),(589,NULL,'2024-07-02 14:48:07',21.00,'TnG',NULL,NULL,NULL,NULL,NULL,0.00,0.00,NULL,NULL),(590,NULL,'2024-07-02 14:48:07',21.00,'TnG',NULL,NULL,NULL,NULL,NULL,0.00,0.00,NULL,NULL),(591,NULL,'2024-07-02 14:48:10',33.00,'TnG',NULL,NULL,NULL,NULL,NULL,0.00,0.00,NULL,NULL),(592,NULL,'2024-07-02 14:48:11',33.00,'TnG',NULL,NULL,NULL,NULL,NULL,0.00,0.00,NULL,NULL),(593,NULL,'2024-07-02 14:48:11',33.00,'TnG',NULL,NULL,NULL,NULL,NULL,0.00,0.00,NULL,NULL),(594,NULL,'2024-07-02 14:48:11',33.00,'TnG',NULL,NULL,NULL,NULL,NULL,0.00,0.00,NULL,NULL),(595,NULL,NULL,NULL,NULL,NULL,NULL,NULL,NULL,NULL,NULL,NULL,NULL,NULL),(596,NULL,'2024-07-02 14:49:24',23.00,'TnG',NULL,NULL,NULL,NULL,NULL,0.00,0.00,NULL,NULL),(597,NULL,'2024-07-02 14:49:26',46.00,'TnG',NULL,NULL,NULL,NULL,NULL,0.00,0.00,NULL,NULL),(598,NULL,NULL,NULL,NULL,NULL,NULL,NULL,NULL,NULL,NULL,NULL,NULL,NULL),(599,NULL,'2024-07-02 15:15:57',90.00,'Cash',NULL,NULL,NULL,NULL,NULL,100.00,10.00,NULL,NULL),(600,NULL,NULL,NULL,NULL,NULL,NULL,NULL,NULL,NULL,NULL,NULL,NULL,NULL),(601,NULL,NULL,NULL,NULL,NULL,NULL,NULL,NULL,NULL,NULL,NULL,NULL,NULL),(602,NULL,NULL,NULL,NULL,NULL,NULL,NULL,NULL,NULL,NULL,NULL,NULL,NULL),(603,NULL,NULL,NULL,NULL,NULL,NULL,NULL,NULL,NULL,NULL,NULL,NULL,NULL),(604,NULL,NULL,NULL,NULL,NULL,NULL,NULL,NULL,NULL,NULL,NULL,NULL,NULL),(605,NULL,NULL,NULL,NULL,NULL,NULL,NULL,NULL,NULL,NULL,NULL,NULL,NULL),(606,NULL,NULL,NULL,NULL,NULL,NULL,NULL,NULL,NULL,NULL,NULL,NULL,NULL),(607,NULL,NULL,NULL,NULL,NULL,NULL,NULL,NULL,NULL,NULL,NULL,NULL,NULL),(608,NULL,NULL,NULL,NULL,NULL,NULL,NULL,NULL,NULL,NULL,NULL,NULL,NULL),(609,NULL,NULL,NULL,NULL,NULL,NULL,NULL,NULL,NULL,NULL,NULL,NULL,NULL),(610,NULL,NULL,NULL,NULL,NULL,NULL,NULL,NULL,NULL,NULL,NULL,NULL,NULL),(611,NULL,NULL,NULL,NULL,NULL,NULL,NULL,NULL,NULL,NULL,NULL,NULL,NULL),(612,NULL,NULL,NULL,NULL,NULL,NULL,NULL,NULL,NULL,NULL,NULL,NULL,NULL),(613,NULL,NULL,NULL,NULL,NULL,NULL,NULL,NULL,NULL,NULL,NULL,NULL,NULL),(614,NULL,NULL,NULL,NULL,NULL,NULL,NULL,NULL,NULL,NULL,NULL,NULL,NULL),(615,NULL,NULL,NULL,NULL,NULL,NULL,NULL,NULL,NULL,NULL,NULL,NULL,NULL),(616,NULL,NULL,NULL,NULL,NULL,NULL,NULL,NULL,NULL,NULL,NULL,NULL,NULL),(617,NULL,NULL,NULL,NULL,NULL,NULL,NULL,NULL,NULL,NULL,NULL,NULL,NULL),(618,NULL,NULL,NULL,NULL,NULL,NULL,NULL,NULL,NULL,NULL,NULL,NULL,NULL),(619,NULL,NULL,NULL,NULL,NULL,NULL,NULL,NULL,NULL,NULL,NULL,NULL,NULL),(620,NULL,NULL,NULL,NULL,NULL,NULL,NULL,NULL,NULL,NULL,NULL,NULL,NULL),(621,NULL,NULL,NULL,NULL,NULL,NULL,NULL,NULL,NULL,NULL,NULL,NULL,NULL),(622,NULL,NULL,NULL,NULL,NULL,NULL,NULL,NULL,NULL,NULL,NULL,NULL,NULL),(623,NULL,NULL,NULL,NULL,NULL,NULL,NULL,NULL,NULL,NULL,NULL,NULL,NULL),(624,NULL,NULL,NULL,NULL,NULL,NULL,NULL,NULL,NULL,NULL,NULL,NULL,NULL),(625,NULL,NULL,NULL,NULL,NULL,NULL,NULL,NULL,NULL,NULL,NULL,NULL,NULL),(626,NULL,NULL,NULL,NULL,NULL,NULL,NULL,NULL,NULL,NULL,NULL,NULL,NULL),(627,NULL,NULL,NULL,NULL,NULL,NULL,NULL,NULL,NULL,NULL,NULL,NULL,NULL),(628,NULL,NULL,NULL,NULL,NULL,NULL,NULL,NULL,NULL,NULL,NULL,NULL,NULL),(629,NULL,NULL,NULL,NULL,NULL,NULL,NULL,NULL,NULL,NULL,NULL,NULL,NULL),(630,NULL,NULL,NULL,NULL,NULL,NULL,NULL,NULL,NULL,NULL,NULL,NULL,NULL),(631,NULL,NULL,NULL,NULL,NULL,NULL,NULL,NULL,NULL,NULL,NULL,NULL,NULL),(632,NULL,NULL,NULL,NULL,NULL,NULL,NULL,NULL,NULL,NULL,NULL,NULL,NULL),(633,NULL,NULL,NULL,NULL,NULL,NULL,NULL,NULL,NULL,NULL,NULL,NULL,NULL),(634,NULL,NULL,NULL,NULL,NULL,NULL,NULL,NULL,NULL,NULL,NULL,NULL,NULL),(635,NULL,NULL,NULL,NULL,NULL,NULL,NULL,NULL,NULL,NULL,NULL,NULL,NULL),(636,NULL,NULL,NULL,NULL,NULL,NULL,NULL,NULL,NULL,NULL,NULL,NULL,NULL),(637,NULL,NULL,NULL,NULL,NULL,NULL,NULL,NULL,NULL,NULL,NULL,NULL,NULL),(638,NULL,NULL,NULL,NULL,NULL,NULL,NULL,NULL,NULL,NULL,NULL,NULL,NULL),(639,NULL,NULL,NULL,NULL,NULL,NULL,NULL,NULL,NULL,NULL,NULL,NULL,NULL),(640,NULL,NULL,NULL,NULL,NULL,NULL,NULL,NULL,NULL,NULL,NULL,NULL,NULL),(641,NULL,NULL,NULL,NULL,NULL,NULL,NULL,NULL,NULL,NULL,NULL,NULL,NULL),(642,NULL,NULL,NULL,NULL,NULL,NULL,NULL,NULL,NULL,NULL,NULL,NULL,NULL),(643,NULL,NULL,NULL,NULL,NULL,NULL,NULL,NULL,NULL,NULL,NULL,NULL,NULL),(644,NULL,NULL,NULL,NULL,NULL,NULL,NULL,NULL,NULL,NULL,NULL,NULL,NULL),(645,NULL,NULL,NULL,NULL,NULL,NULL,NULL,NULL,NULL,NULL,NULL,NULL,NULL),(646,NULL,NULL,NULL,NULL,NULL,NULL,NULL,NULL,NULL,NULL,NULL,NULL,NULL),(647,NULL,NULL,NULL,NULL,NULL,NULL,NULL,NULL,NULL,NULL,NULL,NULL,NULL),(648,NULL,NULL,NULL,NULL,NULL,NULL,NULL,NULL,NULL,NULL,NULL,NULL,NULL),(649,NULL,NULL,NULL,NULL,NULL,NULL,NULL,NULL,NULL,NULL,NULL,NULL,NULL),(650,NULL,NULL,NULL,NULL,NULL,NULL,NULL,NULL,NULL,NULL,NULL,NULL,NULL),(651,NULL,NULL,NULL,NULL,NULL,NULL,NULL,NULL,NULL,NULL,NULL,NULL,NULL),(652,NULL,NULL,NULL,NULL,NULL,NULL,NULL,NULL,NULL,NULL,NULL,NULL,NULL),(653,NULL,NULL,NULL,NULL,NULL,NULL,NULL,NULL,NULL,NULL,NULL,NULL,NULL),(654,NULL,NULL,NULL,NULL,NULL,NULL,NULL,NULL,NULL,NULL,NULL,NULL,NULL),(655,NULL,NULL,NULL,NULL,NULL,NULL,NULL,NULL,NULL,NULL,NULL,NULL,NULL),(656,NULL,NULL,NULL,NULL,NULL,NULL,NULL,NULL,NULL,NULL,NULL,NULL,NULL),(657,NULL,NULL,NULL,NULL,NULL,NULL,NULL,NULL,NULL,NULL,NULL,NULL,NULL),(658,NULL,NULL,NULL,NULL,NULL,NULL,NULL,NULL,NULL,NULL,NULL,NULL,NULL),(659,NULL,'2024-07-03 17:23:25',33.00,'TnG',NULL,NULL,NULL,NULL,NULL,0.00,0.00,NULL,NULL),(660,NULL,'2024-07-03 17:23:28',38.00,'TnG',NULL,NULL,NULL,NULL,NULL,0.00,0.00,NULL,NULL),(661,NULL,NULL,NULL,NULL,NULL,NULL,NULL,NULL,NULL,NULL,NULL,NULL,NULL),(662,NULL,NULL,NULL,NULL,NULL,NULL,NULL,NULL,NULL,NULL,NULL,NULL,NULL),(663,NULL,NULL,NULL,NULL,NULL,NULL,NULL,NULL,NULL,NULL,NULL,NULL,NULL),(664,NULL,'2024-07-04 10:09:52',27.00,'TnG',NULL,NULL,NULL,NULL,NULL,0.00,0.00,NULL,NULL),(665,NULL,'2024-07-04 10:09:54',32.00,'TnG',NULL,NULL,NULL,NULL,NULL,0.00,0.00,NULL,NULL),(666,NULL,NULL,NULL,NULL,NULL,NULL,NULL,NULL,NULL,NULL,NULL,NULL,NULL),(667,NULL,NULL,NULL,NULL,NULL,NULL,NULL,NULL,NULL,NULL,NULL,NULL,NULL),(668,NULL,'2024-07-04 10:10:32',27.00,'TnG',NULL,NULL,NULL,NULL,NULL,0.00,0.00,NULL,NULL),(669,NULL,'2024-07-04 10:10:34',32.00,'TnG',NULL,NULL,NULL,NULL,NULL,0.00,0.00,NULL,NULL),(670,NULL,NULL,NULL,NULL,NULL,NULL,NULL,NULL,NULL,NULL,NULL,NULL,NULL),(671,NULL,'2024-07-04 10:35:37',27.00,'Grab',NULL,NULL,NULL,NULL,NULL,0.00,0.00,NULL,NULL),(672,NULL,'2024-07-04 10:35:40',32.00,'Grab',NULL,NULL,NULL,NULL,NULL,0.00,0.00,NULL,NULL),(673,NULL,'2024-07-04 10:35:42',37.00,'Grab',NULL,NULL,NULL,NULL,NULL,0.00,0.00,NULL,NULL),(674,NULL,'2024-07-04 10:35:47',59.00,'Grab',NULL,NULL,NULL,NULL,NULL,0.00,0.00,NULL,NULL),(675,NULL,NULL,NULL,NULL,NULL,NULL,NULL,NULL,NULL,NULL,NULL,NULL,NULL),(676,NULL,'2024-07-04 10:38:54',22.00,'TnG',NULL,NULL,NULL,NULL,NULL,0.00,0.00,NULL,NULL),(677,NULL,'2024-07-04 10:38:56',44.00,'TnG',NULL,NULL,NULL,NULL,NULL,0.00,0.00,NULL,NULL),(678,NULL,'2024-07-04 10:39:07',32.00,'TnG',NULL,NULL,NULL,NULL,NULL,0.00,0.00,NULL,NULL),(679,NULL,'2024-07-04 10:39:09',27.00,'TnG',NULL,NULL,NULL,NULL,NULL,0.00,0.00,NULL,NULL),(680,NULL,NULL,NULL,NULL,NULL,NULL,NULL,NULL,NULL,NULL,NULL,NULL,NULL),(681,NULL,'2024-07-04 10:41:16',27.00,'TnG',NULL,NULL,NULL,NULL,NULL,0.00,0.00,NULL,NULL),(682,NULL,'2024-07-04 10:41:18',22.00,'TnG',NULL,NULL,NULL,NULL,NULL,0.00,0.00,NULL,NULL),(683,NULL,'2024-07-04 10:41:19',44.00,'TnG',NULL,NULL,NULL,NULL,NULL,0.00,0.00,NULL,NULL),(684,NULL,'2024-07-04 10:41:22',22.00,'TnG',NULL,NULL,NULL,NULL,NULL,0.00,0.00,NULL,NULL),(685,NULL,'2024-07-04 10:41:26',27.00,'TnG',NULL,NULL,NULL,NULL,NULL,0.00,0.00,NULL,NULL),(686,NULL,'2024-07-04 10:41:26',27.00,'TnG',NULL,NULL,NULL,NULL,NULL,0.00,0.00,NULL,NULL),(687,NULL,'2024-07-04 10:41:26',27.00,'TnG',NULL,NULL,NULL,NULL,NULL,0.00,0.00,NULL,NULL),(688,NULL,'2024-07-04 10:41:26',27.00,'TnG',NULL,NULL,NULL,NULL,NULL,0.00,0.00,NULL,NULL),(689,NULL,'2024-07-04 10:41:28',27.00,'TnG',NULL,NULL,NULL,NULL,NULL,0.00,0.00,NULL,NULL),(690,NULL,'2024-07-04 10:41:28',27.00,'TnG',NULL,NULL,NULL,NULL,NULL,0.00,0.00,NULL,NULL),(691,NULL,NULL,NULL,NULL,NULL,NULL,NULL,NULL,NULL,NULL,NULL,NULL,NULL),(692,NULL,'2024-07-04 10:42:25',22.00,'Grab',NULL,NULL,NULL,NULL,NULL,0.00,0.00,NULL,NULL),(693,NULL,'2024-07-04 10:42:27',44.00,'Grab',NULL,NULL,NULL,NULL,NULL,0.00,0.00,NULL,NULL),(694,NULL,'2024-07-04 10:42:31',27.00,'Grab',NULL,NULL,NULL,NULL,NULL,0.00,0.00,NULL,NULL),(695,NULL,'2024-07-04 10:42:33',49.00,'Grab',NULL,NULL,NULL,NULL,NULL,0.00,0.00,NULL,NULL),(696,NULL,NULL,NULL,NULL,NULL,NULL,NULL,NULL,NULL,NULL,NULL,NULL,NULL),(697,NULL,'2024-07-04 10:43:52',22.00,'TnG',NULL,NULL,NULL,NULL,NULL,0.00,0.00,NULL,NULL),(698,NULL,'2024-07-04 10:43:54',44.00,'TnG',NULL,NULL,NULL,NULL,NULL,0.00,0.00,NULL,NULL),(699,NULL,'2024-07-04 10:44:13',32.00,'Grab',NULL,NULL,NULL,NULL,NULL,0.00,0.00,NULL,NULL),(700,NULL,'2024-07-04 10:44:16',27.00,'Grab',NULL,NULL,NULL,NULL,NULL,0.00,0.00,NULL,NULL),(701,NULL,NULL,NULL,NULL,NULL,NULL,NULL,NULL,NULL,NULL,NULL,NULL,NULL),(702,NULL,'2024-07-04 10:44:47',27.00,'TnG',NULL,NULL,NULL,NULL,NULL,0.00,0.00,NULL,NULL),(703,NULL,'2024-07-04 10:44:49',32.00,'TnG',NULL,NULL,NULL,NULL,NULL,0.00,0.00,NULL,NULL),(704,NULL,NULL,NULL,NULL,NULL,NULL,NULL,NULL,NULL,NULL,NULL,NULL,NULL),(705,NULL,'2024-07-04 10:45:35',27.00,'TnG',NULL,NULL,NULL,NULL,NULL,0.00,0.00,NULL,NULL),(706,NULL,'2024-07-04 10:45:37',49.00,'TnG',NULL,NULL,NULL,NULL,NULL,0.00,0.00,NULL,NULL),(707,NULL,'2024-07-04 10:49:28',49.00,'TnG',NULL,NULL,NULL,NULL,NULL,0.00,0.00,NULL,NULL),(708,NULL,'2024-07-04 10:49:31',27.00,'TnG',NULL,NULL,NULL,NULL,NULL,0.00,0.00,NULL,NULL),(709,NULL,NULL,NULL,NULL,NULL,NULL,NULL,NULL,NULL,NULL,NULL,NULL,NULL),(710,NULL,NULL,NULL,NULL,NULL,NULL,NULL,NULL,NULL,NULL,NULL,NULL,NULL),(711,NULL,'2024-07-04 10:49:43',22.00,'TnG',NULL,NULL,NULL,NULL,NULL,0.00,0.00,NULL,NULL),(712,NULL,'2024-07-04 10:49:45',27.00,'TnG',NULL,NULL,NULL,NULL,NULL,0.00,0.00,NULL,NULL),(713,NULL,'2024-07-04 10:49:47',49.00,'TnG',NULL,NULL,NULL,NULL,NULL,0.00,0.00,NULL,NULL),(714,NULL,'2024-07-04 10:52:18',49.00,'TnG',NULL,NULL,NULL,NULL,NULL,0.00,0.00,NULL,NULL),(715,NULL,'2024-07-04 10:52:23',22.00,'TnG',NULL,NULL,NULL,NULL,NULL,0.00,0.00,NULL,NULL),(716,NULL,'2024-07-04 10:52:26',44.00,'TnG',NULL,NULL,NULL,NULL,NULL,0.00,0.00,NULL,NULL),(717,NULL,'2024-07-04 10:52:29',49.00,'TnG',NULL,NULL,NULL,NULL,NULL,0.00,0.00,NULL,NULL),(718,NULL,'2024-07-04 10:52:31',54.00,'TnG',NULL,NULL,NULL,NULL,NULL,0.00,0.00,NULL,NULL),(719,NULL,NULL,NULL,NULL,NULL,NULL,NULL,NULL,NULL,NULL,NULL,NULL,NULL),(720,NULL,'2024-07-04 10:58:44',27.00,'TnG',NULL,NULL,NULL,NULL,NULL,0.00,0.00,NULL,NULL),(721,NULL,'2024-07-04 10:58:46',32.00,'TnG',NULL,NULL,NULL,NULL,NULL,0.00,0.00,NULL,NULL),(722,NULL,NULL,NULL,NULL,NULL,NULL,NULL,NULL,NULL,NULL,NULL,NULL,NULL),(723,NULL,NULL,NULL,NULL,NULL,NULL,NULL,NULL,NULL,NULL,NULL,NULL,NULL),(724,NULL,NULL,NULL,NULL,NULL,NULL,NULL,NULL,NULL,NULL,NULL,NULL,NULL),(725,NULL,NULL,NULL,NULL,NULL,NULL,NULL,NULL,NULL,NULL,NULL,NULL,NULL),(726,NULL,NULL,NULL,NULL,NULL,NULL,NULL,NULL,NULL,NULL,NULL,NULL,NULL),(727,NULL,NULL,NULL,NULL,NULL,NULL,NULL,NULL,NULL,NULL,NULL,NULL,NULL),(728,NULL,NULL,NULL,NULL,NULL,NULL,NULL,NULL,NULL,NULL,NULL,NULL,NULL),(729,NULL,NULL,NULL,NULL,NULL,NULL,NULL,NULL,NULL,NULL,NULL,NULL,NULL),(730,NULL,NULL,NULL,NULL,NULL,NULL,NULL,NULL,NULL,NULL,NULL,NULL,NULL),(731,NULL,NULL,NULL,NULL,NULL,NULL,NULL,NULL,NULL,NULL,NULL,NULL,NULL),(732,NULL,NULL,NULL,NULL,NULL,NULL,NULL,NULL,NULL,NULL,NULL,NULL,NULL),(733,NULL,NULL,NULL,NULL,NULL,NULL,NULL,NULL,NULL,NULL,NULL,NULL,NULL),(734,NULL,NULL,NULL,NULL,NULL,NULL,NULL,NULL,NULL,NULL,NULL,NULL,NULL),(735,NULL,NULL,NULL,NULL,NULL,NULL,NULL,NULL,NULL,NULL,NULL,NULL,NULL),(736,NULL,NULL,NULL,NULL,NULL,NULL,NULL,NULL,NULL,NULL,NULL,NULL,NULL),(737,NULL,NULL,NULL,NULL,NULL,NULL,NULL,NULL,NULL,NULL,NULL,NULL,NULL),(738,NULL,NULL,NULL,NULL,NULL,NULL,NULL,NULL,NULL,NULL,NULL,NULL,NULL),(739,NULL,'2024-07-04 11:36:57',22.00,'TnG',NULL,NULL,NULL,NULL,NULL,0.00,0.00,NULL,NULL),(740,NULL,'2024-07-04 11:36:59',22.00,'TnG',NULL,NULL,NULL,NULL,NULL,0.00,0.00,NULL,NULL),(741,NULL,NULL,NULL,NULL,NULL,NULL,NULL,NULL,NULL,NULL,NULL,NULL,NULL),(742,NULL,NULL,NULL,NULL,NULL,NULL,NULL,NULL,NULL,NULL,NULL,NULL,NULL),(743,NULL,NULL,NULL,NULL,NULL,NULL,NULL,NULL,NULL,NULL,NULL,NULL,NULL),(744,NULL,NULL,NULL,NULL,NULL,NULL,NULL,NULL,NULL,NULL,NULL,NULL,NULL),(745,NULL,NULL,NULL,NULL,NULL,NULL,NULL,NULL,NULL,NULL,NULL,NULL,NULL),(746,NULL,'2024-07-04 11:44:51',22.00,'TnG',NULL,NULL,NULL,NULL,NULL,0.00,0.00,NULL,NULL),(747,NULL,'2024-07-04 11:44:53',22.00,'TnG',NULL,NULL,NULL,NULL,NULL,0.00,0.00,NULL,NULL),(748,NULL,'2024-07-04 11:44:58',27.00,'TnG',NULL,NULL,NULL,NULL,NULL,0.00,0.00,NULL,NULL),(749,NULL,'2024-07-04 11:44:59',27.00,'TnG',NULL,NULL,NULL,NULL,NULL,0.00,0.00,NULL,NULL),(750,NULL,'2024-07-04 11:44:59',27.00,'TnG',NULL,NULL,NULL,NULL,NULL,0.00,0.00,NULL,NULL),(751,NULL,'2024-07-04 11:44:59',27.00,'TnG',NULL,NULL,NULL,NULL,NULL,0.00,0.00,NULL,NULL),(752,NULL,'2024-07-04 11:45:00',27.00,'TnG',NULL,NULL,NULL,NULL,NULL,0.00,0.00,NULL,NULL),(753,NULL,NULL,NULL,NULL,NULL,NULL,NULL,NULL,NULL,NULL,NULL,NULL,NULL),(754,NULL,'2024-07-04 11:48:12',22.00,'TnG',NULL,NULL,NULL,NULL,NULL,0.00,0.00,NULL,NULL),(755,NULL,'2024-07-04 11:48:16',0.00,'TnG',NULL,NULL,NULL,NULL,NULL,0.00,0.00,NULL,NULL),(756,NULL,'2024-07-04 11:48:20',27.00,'TnG',NULL,NULL,NULL,NULL,NULL,0.00,0.00,NULL,NULL),(757,NULL,'2024-07-04 11:48:23',27.00,'TnG',NULL,NULL,NULL,NULL,NULL,0.00,0.00,NULL,NULL),(758,NULL,NULL,NULL,NULL,NULL,NULL,NULL,NULL,NULL,NULL,NULL,NULL,NULL),(759,NULL,'2024-07-04 11:52:29',22.00,'TnG',NULL,NULL,NULL,NULL,NULL,0.00,0.00,NULL,NULL),(760,NULL,NULL,NULL,NULL,NULL,NULL,NULL,NULL,NULL,NULL,NULL,NULL,NULL),(761,NULL,NULL,NULL,NULL,NULL,NULL,NULL,NULL,NULL,NULL,NULL,NULL,NULL),(762,NULL,NULL,NULL,NULL,NULL,NULL,NULL,NULL,NULL,NULL,NULL,NULL,NULL),(763,NULL,'2024-07-04 11:53:55',27.00,'TnG',NULL,NULL,NULL,NULL,NULL,0.00,0.00,NULL,NULL),(764,NULL,'2024-07-04 11:53:59',22.00,'TnG',NULL,NULL,NULL,NULL,NULL,0.00,0.00,NULL,NULL),(765,NULL,'2024-07-04 11:54:02',12.00,'TnG',NULL,NULL,NULL,NULL,NULL,0.00,0.00,NULL,NULL),(766,NULL,'2024-07-04 11:54:02',12.00,'TnG',NULL,NULL,NULL,NULL,NULL,0.00,0.00,NULL,NULL),(767,NULL,'2024-07-04 11:54:02',12.00,'TnG',NULL,NULL,NULL,NULL,NULL,0.00,0.00,NULL,NULL),(768,NULL,'2024-07-04 11:54:03',12.00,'TnG',NULL,NULL,NULL,NULL,NULL,0.00,0.00,NULL,NULL),(769,NULL,'2024-07-04 11:54:17',12.00,'Cash',NULL,NULL,NULL,NULL,NULL,13.00,1.00,NULL,NULL),(770,NULL,'2024-07-04 11:58:45',0.00,'TnG',NULL,NULL,NULL,NULL,NULL,0.00,0.00,NULL,NULL),(771,NULL,NULL,NULL,NULL,NULL,NULL,NULL,NULL,NULL,NULL,NULL,NULL,NULL),(772,NULL,NULL,NULL,NULL,NULL,NULL,NULL,NULL,NULL,NULL,NULL,NULL,NULL),(773,NULL,'2024-07-04 12:00:13',22.00,'TnG',NULL,NULL,NULL,NULL,NULL,0.00,0.00,NULL,NULL),(774,NULL,'2024-07-04 12:00:15',0.00,'TnG',NULL,NULL,NULL,NULL,NULL,0.00,0.00,NULL,NULL),(775,NULL,'2024-07-04 12:00:19',5.00,'TnG',NULL,NULL,NULL,NULL,NULL,0.00,0.00,NULL,NULL),(776,NULL,'2024-07-04 12:00:21',5.00,'TnG',NULL,NULL,NULL,NULL,NULL,0.00,0.00,NULL,NULL),(777,NULL,NULL,NULL,NULL,NULL,NULL,NULL,NULL,NULL,NULL,NULL,NULL,NULL),(778,NULL,NULL,NULL,NULL,NULL,NULL,NULL,NULL,NULL,NULL,NULL,NULL,NULL),(779,NULL,NULL,NULL,NULL,NULL,NULL,NULL,NULL,NULL,NULL,NULL,NULL,NULL),(780,NULL,NULL,NULL,NULL,NULL,NULL,NULL,NULL,NULL,NULL,NULL,NULL,NULL),(781,NULL,NULL,NULL,NULL,NULL,NULL,NULL,NULL,NULL,NULL,NULL,NULL,NULL),(782,NULL,NULL,NULL,NULL,NULL,NULL,NULL,NULL,NULL,NULL,NULL,NULL,NULL),(783,NULL,'2024-07-04 12:05:33',22.20,'Cash',NULL,NULL,NULL,NULL,1,23.00,0.80,NULL,NULL),(784,NULL,'2024-07-04 12:05:36',22.20,'TnG',NULL,NULL,NULL,NULL,1,23.00,0.00,NULL,NULL),(785,NULL,'2024-07-04 12:05:38',44.20,'TnG',NULL,NULL,NULL,NULL,1,23.00,0.00,NULL,NULL),(786,NULL,'2024-07-04 12:05:43',27.20,'TnG',NULL,NULL,NULL,NULL,1,23.00,0.00,NULL,NULL),(787,NULL,'2024-07-04 12:05:46',32.20,'TnG',NULL,NULL,NULL,NULL,1,23.00,0.00,NULL,NULL),(788,NULL,'2024-07-04 12:05:48',54.20,'TnG',NULL,NULL,NULL,NULL,1,23.00,0.00,NULL,NULL),(789,NULL,'2024-07-04 12:05:48',54.20,'TnG',NULL,NULL,NULL,NULL,1,23.00,0.00,NULL,NULL),(790,NULL,'2024-07-04 12:05:48',54.20,'TnG',NULL,NULL,NULL,NULL,1,23.00,0.00,NULL,NULL),(791,NULL,'2024-07-04 12:05:49',54.20,'TnG',NULL,NULL,NULL,NULL,1,23.00,0.00,NULL,NULL),(792,NULL,NULL,NULL,NULL,NULL,NULL,NULL,NULL,NULL,NULL,NULL,NULL,NULL),(793,NULL,NULL,NULL,NULL,NULL,NULL,NULL,NULL,NULL,NULL,NULL,NULL,NULL),(794,NULL,NULL,NULL,NULL,NULL,NULL,NULL,NULL,NULL,NULL,NULL,NULL,NULL),(795,NULL,'2024-07-04 12:08:36',88.20,'Cash',NULL,NULL,NULL,NULL,1,99.00,10.80,NULL,NULL),(796,NULL,NULL,NULL,NULL,NULL,NULL,NULL,NULL,NULL,NULL,NULL,NULL,NULL),(797,NULL,NULL,NULL,NULL,NULL,NULL,NULL,NULL,NULL,NULL,NULL,NULL,NULL),(798,NULL,NULL,NULL,NULL,NULL,NULL,NULL,NULL,NULL,NULL,NULL,NULL,NULL),(799,NULL,NULL,NULL,NULL,NULL,NULL,NULL,NULL,NULL,NULL,NULL,NULL,NULL),(800,NULL,NULL,NULL,NULL,NULL,NULL,NULL,NULL,NULL,NULL,NULL,NULL,NULL),(801,NULL,'2024-07-04 12:11:10',49.00,'Grab',NULL,NULL,NULL,NULL,NULL,0.00,0.00,NULL,NULL),(802,NULL,'2024-07-04 12:11:39',44.20,'Cash',NULL,NULL,NULL,NULL,1,45.00,0.80,NULL,NULL),(803,NULL,NULL,NULL,NULL,NULL,NULL,NULL,NULL,NULL,NULL,NULL,NULL,NULL),(804,NULL,NULL,NULL,NULL,NULL,NULL,NULL,NULL,NULL,NULL,NULL,NULL,NULL),(805,NULL,NULL,NULL,NULL,NULL,NULL,NULL,NULL,NULL,NULL,NULL,NULL,NULL),(806,NULL,NULL,NULL,NULL,NULL,NULL,NULL,NULL,NULL,NULL,NULL,NULL,NULL),(807,NULL,NULL,NULL,NULL,NULL,NULL,NULL,NULL,NULL,NULL,NULL,NULL,NULL),(808,NULL,NULL,NULL,NULL,NULL,NULL,NULL,NULL,NULL,NULL,NULL,NULL,NULL),(809,NULL,'2024-07-04 12:17:39',71.00,'TnG',NULL,NULL,NULL,NULL,NULL,0.00,0.00,NULL,NULL),(810,NULL,'2024-07-04 12:17:44',27.00,'Grab',NULL,NULL,NULL,NULL,NULL,0.00,0.00,NULL,NULL),(811,NULL,NULL,NULL,NULL,NULL,NULL,NULL,NULL,NULL,NULL,NULL,NULL,NULL),(812,NULL,'2024-07-04 12:18:18',55.00,'TnG',NULL,NULL,NULL,NULL,NULL,0.00,0.00,NULL,NULL),(813,NULL,'2024-07-04 12:18:29',67.00,'Cash',NULL,NULL,NULL,NULL,NULL,68.00,1.00,NULL,NULL),(814,NULL,'2024-07-04 12:18:46',274.20,'Cash',NULL,NULL,NULL,NULL,1,275.00,0.80,NULL,NULL),(815,NULL,'2024-07-04 12:19:03',22.20,'Cash',NULL,NULL,NULL,NULL,1,23.00,0.80,NULL,NULL),(816,NULL,'2024-07-04 12:20:35',44.00,'Cash',NULL,NULL,NULL,NULL,NULL,45.00,1.00,NULL,NULL),(817,NULL,NULL,NULL,NULL,NULL,NULL,NULL,NULL,NULL,NULL,NULL,NULL,NULL),(818,NULL,NULL,NULL,NULL,NULL,NULL,NULL,NULL,NULL,NULL,NULL,NULL,NULL),(819,NULL,NULL,NULL,NULL,NULL,NULL,NULL,NULL,NULL,NULL,NULL,NULL,NULL),(820,NULL,NULL,NULL,NULL,NULL,NULL,NULL,NULL,NULL,NULL,NULL,NULL,NULL),(821,NULL,NULL,NULL,NULL,NULL,NULL,NULL,NULL,NULL,NULL,NULL,NULL,NULL),(822,NULL,NULL,NULL,NULL,NULL,NULL,NULL,NULL,NULL,NULL,NULL,NULL,NULL),(823,NULL,NULL,NULL,NULL,NULL,NULL,NULL,NULL,NULL,NULL,NULL,NULL,NULL),(824,NULL,NULL,NULL,NULL,NULL,NULL,NULL,NULL,NULL,NULL,NULL,NULL,NULL),(825,NULL,NULL,NULL,NULL,NULL,NULL,NULL,NULL,NULL,NULL,NULL,NULL,NULL),(826,NULL,NULL,NULL,NULL,NULL,NULL,NULL,NULL,NULL,NULL,NULL,NULL,NULL),(827,NULL,'2024-07-04 12:42:53',27.00,'Cash',NULL,NULL,NULL,NULL,NULL,28.00,1.00,NULL,NULL),(828,NULL,NULL,NULL,NULL,NULL,NULL,NULL,NULL,NULL,NULL,NULL,NULL,NULL),(829,NULL,NULL,NULL,NULL,NULL,NULL,NULL,NULL,NULL,NULL,NULL,NULL,NULL),(830,NULL,NULL,NULL,NULL,NULL,NULL,NULL,NULL,NULL,NULL,NULL,NULL,NULL),(831,NULL,'2024-07-04 12:46:31',22.00,'Cash',NULL,NULL,NULL,NULL,NULL,24.00,2.00,NULL,NULL),(832,NULL,NULL,NULL,NULL,NULL,NULL,NULL,NULL,NULL,NULL,NULL,NULL,NULL),(833,NULL,NULL,NULL,NULL,NULL,NULL,NULL,NULL,NULL,NULL,NULL,NULL,NULL),(834,NULL,NULL,NULL,NULL,NULL,NULL,NULL,NULL,NULL,NULL,NULL,NULL,NULL),(835,NULL,'2024-07-04 12:51:12',22.00,'TnG',NULL,NULL,NULL,NULL,NULL,0.00,0.00,NULL,NULL),(836,NULL,NULL,NULL,NULL,NULL,NULL,NULL,NULL,NULL,NULL,NULL,NULL,NULL),(837,NULL,NULL,NULL,NULL,NULL,NULL,NULL,NULL,NULL,NULL,NULL,NULL,NULL),(838,NULL,NULL,NULL,NULL,NULL,NULL,NULL,NULL,NULL,NULL,NULL,NULL,NULL),(839,NULL,NULL,NULL,NULL,NULL,NULL,NULL,NULL,NULL,NULL,NULL,NULL,NULL),(840,NULL,NULL,NULL,NULL,NULL,NULL,NULL,NULL,NULL,NULL,NULL,NULL,NULL),(841,NULL,NULL,NULL,NULL,NULL,NULL,NULL,NULL,NULL,NULL,NULL,NULL,NULL),(842,NULL,NULL,NULL,NULL,NULL,NULL,NULL,NULL,NULL,NULL,NULL,NULL,NULL),(843,NULL,NULL,NULL,NULL,NULL,NULL,NULL,NULL,NULL,NULL,NULL,NULL,NULL),(844,NULL,NULL,NULL,NULL,NULL,NULL,NULL,NULL,NULL,NULL,NULL,NULL,NULL),(845,NULL,NULL,NULL,NULL,NULL,NULL,NULL,NULL,NULL,NULL,NULL,NULL,NULL),(846,NULL,NULL,NULL,NULL,NULL,NULL,NULL,NULL,NULL,NULL,NULL,NULL,NULL),(847,NULL,NULL,NULL,NULL,NULL,NULL,NULL,NULL,NULL,NULL,NULL,NULL,NULL),(848,NULL,NULL,NULL,NULL,NULL,NULL,NULL,NULL,NULL,NULL,NULL,NULL,NULL),(849,NULL,NULL,NULL,NULL,NULL,NULL,NULL,NULL,NULL,NULL,NULL,NULL,NULL),(850,NULL,NULL,NULL,NULL,NULL,NULL,NULL,NULL,NULL,NULL,NULL,NULL,NULL),(851,NULL,NULL,NULL,NULL,NULL,NULL,NULL,NULL,NULL,NULL,NULL,NULL,NULL),(852,NULL,NULL,NULL,NULL,NULL,NULL,NULL,NULL,NULL,NULL,NULL,NULL,NULL),(853,NULL,NULL,NULL,NULL,NULL,NULL,NULL,NULL,NULL,NULL,NULL,NULL,NULL),(854,NULL,NULL,NULL,NULL,NULL,NULL,NULL,NULL,NULL,NULL,NULL,NULL,NULL),(855,NULL,NULL,NULL,NULL,NULL,NULL,NULL,NULL,NULL,NULL,NULL,NULL,NULL),(856,NULL,NULL,NULL,NULL,NULL,NULL,NULL,NULL,NULL,NULL,NULL,NULL,NULL),(857,NULL,NULL,NULL,NULL,NULL,NULL,NULL,NULL,NULL,NULL,NULL,NULL,NULL),(858,NULL,NULL,NULL,NULL,NULL,NULL,NULL,NULL,NULL,NULL,NULL,NULL,NULL),(859,NULL,NULL,NULL,NULL,NULL,NULL,NULL,NULL,NULL,NULL,NULL,NULL,NULL),(860,NULL,NULL,NULL,NULL,NULL,NULL,NULL,NULL,NULL,NULL,NULL,NULL,NULL),(861,NULL,NULL,NULL,NULL,NULL,NULL,NULL,NULL,NULL,NULL,NULL,NULL,NULL),(862,NULL,NULL,NULL,NULL,NULL,NULL,NULL,NULL,NULL,NULL,NULL,NULL,NULL),(863,NULL,NULL,NULL,NULL,NULL,NULL,NULL,NULL,NULL,NULL,NULL,NULL,NULL),(864,NULL,NULL,NULL,NULL,NULL,NULL,NULL,NULL,NULL,NULL,NULL,NULL,NULL),(865,NULL,NULL,NULL,NULL,NULL,NULL,NULL,NULL,NULL,NULL,NULL,NULL,NULL),(866,NULL,NULL,NULL,NULL,NULL,NULL,NULL,NULL,NULL,NULL,NULL,NULL,NULL),(867,NULL,NULL,NULL,NULL,NULL,NULL,NULL,NULL,NULL,NULL,NULL,NULL,NULL),(868,NULL,NULL,NULL,NULL,NULL,NULL,NULL,NULL,NULL,NULL,NULL,NULL,NULL),(869,NULL,'2024-07-04 14:21:48',27.00,'TnG',NULL,NULL,NULL,NULL,NULL,0.00,0.00,NULL,NULL),(870,NULL,'2024-07-04 14:23:49',33.00,'TnG',NULL,NULL,NULL,NULL,NULL,0.00,0.00,NULL,NULL),(871,NULL,NULL,NULL,NULL,NULL,NULL,NULL,NULL,NULL,NULL,NULL,NULL,NULL),(872,NULL,'2024-07-04 14:32:27',20.90,'TnG',NULL,NULL,NULL,NULL,NULL,0.00,0.00,NULL,NULL),(873,NULL,NULL,NULL,NULL,NULL,NULL,NULL,NULL,NULL,NULL,NULL,NULL,NULL),(874,NULL,NULL,NULL,NULL,NULL,NULL,NULL,NULL,NULL,NULL,NULL,NULL,NULL),(875,NULL,NULL,NULL,NULL,NULL,NULL,NULL,NULL,NULL,NULL,NULL,NULL,NULL),(876,NULL,NULL,NULL,NULL,NULL,NULL,NULL,NULL,NULL,NULL,NULL,NULL,NULL),(877,NULL,NULL,NULL,NULL,NULL,NULL,NULL,NULL,NULL,NULL,NULL,NULL,NULL),(878,NULL,NULL,NULL,NULL,NULL,NULL,NULL,NULL,NULL,NULL,NULL,NULL,NULL),(879,NULL,NULL,NULL,NULL,NULL,NULL,NULL,NULL,NULL,NULL,NULL,NULL,NULL),(880,NULL,NULL,NULL,NULL,NULL,NULL,NULL,NULL,NULL,NULL,NULL,NULL,NULL),(881,NULL,NULL,NULL,NULL,NULL,NULL,NULL,NULL,NULL,NULL,NULL,NULL,NULL),(882,NULL,NULL,NULL,NULL,NULL,NULL,NULL,NULL,NULL,NULL,NULL,NULL,NULL),(883,NULL,NULL,NULL,NULL,NULL,NULL,NULL,NULL,NULL,NULL,NULL,NULL,NULL),(884,NULL,NULL,NULL,NULL,NULL,NULL,NULL,NULL,NULL,NULL,NULL,NULL,NULL),(885,NULL,NULL,NULL,NULL,NULL,NULL,NULL,NULL,NULL,NULL,NULL,NULL,NULL),(886,NULL,'2024-07-04 16:34:40',66.00,'TnG',0.00,NULL,NULL,NULL,NULL,0.00,0.00,NULL,NULL),(887,NULL,'2024-07-04 16:34:43',66.00,'TnG',0.00,NULL,NULL,NULL,NULL,0.00,0.00,NULL,NULL),(888,NULL,'2024-07-04 16:34:43',66.00,'TnG',0.00,NULL,NULL,NULL,NULL,0.00,0.00,NULL,NULL),(889,NULL,'2024-07-04 16:34:43',66.00,'TnG',0.00,NULL,NULL,NULL,NULL,0.00,0.00,NULL,NULL),(890,NULL,'2024-07-04 16:34:44',66.00,'TnG',0.00,NULL,NULL,NULL,NULL,0.00,0.00,NULL,NULL),(891,NULL,'2024-07-04 16:34:44',66.00,'TnG',0.00,NULL,NULL,NULL,NULL,0.00,0.00,NULL,NULL),(892,NULL,NULL,NULL,NULL,NULL,NULL,NULL,NULL,NULL,NULL,NULL,NULL,NULL),(893,NULL,NULL,NULL,NULL,NULL,NULL,NULL,NULL,NULL,NULL,NULL,NULL,NULL),(894,NULL,NULL,NULL,NULL,NULL,NULL,NULL,NULL,NULL,NULL,NULL,NULL,NULL),(895,NULL,NULL,NULL,NULL,NULL,NULL,NULL,NULL,NULL,NULL,NULL,NULL,NULL),(896,NULL,NULL,NULL,NULL,NULL,NULL,NULL,NULL,NULL,NULL,NULL,NULL,NULL),(897,NULL,'2024-07-04 16:56:41',32.00,'TnG',0.00,NULL,NULL,NULL,NULL,0.00,0.00,NULL,NULL),(898,NULL,'2024-07-04 16:57:08',32.00,'Grab',0.00,NULL,NULL,NULL,NULL,0.00,0.00,NULL,NULL),(899,NULL,NULL,NULL,NULL,NULL,NULL,NULL,NULL,NULL,NULL,NULL,NULL,NULL),(900,NULL,'2024-07-04 16:57:24',76.00,'TnG',0.00,NULL,NULL,NULL,NULL,0.00,0.00,NULL,NULL),(901,NULL,'2024-07-04 17:03:16',0.00,'Cash',100.00,NULL,NULL,NULL,NULL,0.00,0.00,NULL,NULL),(902,NULL,NULL,NULL,NULL,NULL,NULL,NULL,NULL,NULL,NULL,NULL,NULL,NULL),(903,NULL,'2024-07-04 17:07:07',27.00,'TnG',0.00,NULL,NULL,NULL,NULL,0.00,0.00,NULL,NULL),(904,NULL,NULL,NULL,NULL,NULL,NULL,NULL,NULL,NULL,NULL,NULL,NULL,NULL),(905,NULL,NULL,NULL,NULL,NULL,NULL,NULL,NULL,NULL,NULL,NULL,NULL,NULL),(906,NULL,NULL,NULL,NULL,NULL,NULL,NULL,NULL,NULL,NULL,NULL,NULL,NULL),(907,NULL,NULL,NULL,NULL,NULL,NULL,NULL,NULL,NULL,NULL,NULL,NULL,NULL),(908,NULL,'2024-07-05 09:46:30',76.00,'TnG',0.00,NULL,NULL,NULL,NULL,0.00,0.00,NULL,NULL),(909,NULL,NULL,NULL,NULL,NULL,NULL,NULL,NULL,NULL,NULL,NULL,NULL,NULL),(910,NULL,NULL,NULL,NULL,NULL,NULL,NULL,NULL,NULL,NULL,NULL,NULL,NULL),(911,NULL,NULL,NULL,NULL,NULL,NULL,NULL,NULL,NULL,NULL,NULL,NULL,NULL),(912,NULL,'2024-07-05 09:52:37',44.00,'TnG',0.00,NULL,NULL,NULL,NULL,0.00,0.00,NULL,NULL),(913,NULL,NULL,NULL,NULL,NULL,NULL,NULL,NULL,NULL,NULL,NULL,NULL,NULL),(914,NULL,NULL,NULL,NULL,NULL,NULL,NULL,NULL,NULL,NULL,NULL,NULL,NULL),(915,NULL,'2024-07-05 11:10:05',6.00,'TnG',50.00,NULL,NULL,NULL,NULL,0.00,0.00,NULL,NULL),(916,NULL,NULL,NULL,NULL,NULL,NULL,NULL,NULL,NULL,NULL,NULL,NULL,NULL),(917,NULL,NULL,NULL,NULL,NULL,NULL,NULL,NULL,NULL,NULL,NULL,NULL,NULL),(918,NULL,'2024-07-05 16:19:52',22.20,'Cash',50.00,NULL,NULL,NULL,1,23.00,0.80,NULL,NULL),(919,NULL,NULL,NULL,NULL,NULL,NULL,NULL,NULL,NULL,NULL,NULL,NULL,NULL),(920,NULL,NULL,NULL,NULL,NULL,NULL,NULL,NULL,NULL,NULL,NULL,NULL,NULL),(921,NULL,NULL,NULL,NULL,NULL,NULL,NULL,NULL,NULL,NULL,NULL,NULL,NULL),(922,NULL,NULL,NULL,NULL,NULL,NULL,NULL,NULL,NULL,NULL,NULL,NULL,NULL),(923,NULL,NULL,NULL,NULL,NULL,NULL,NULL,NULL,NULL,NULL,NULL,NULL,NULL),(924,NULL,NULL,NULL,NULL,NULL,NULL,NULL,NULL,NULL,NULL,NULL,NULL,NULL),(925,NULL,NULL,NULL,NULL,NULL,NULL,NULL,NULL,NULL,NULL,NULL,NULL,NULL),(926,NULL,NULL,NULL,NULL,NULL,NULL,NULL,NULL,NULL,NULL,NULL,NULL,NULL),(927,NULL,NULL,NULL,NULL,NULL,NULL,NULL,NULL,NULL,NULL,NULL,NULL,NULL),(928,NULL,NULL,NULL,NULL,NULL,NULL,NULL,NULL,NULL,NULL,NULL,NULL,NULL),(929,NULL,NULL,NULL,NULL,NULL,NULL,NULL,NULL,NULL,NULL,NULL,NULL,NULL),(930,NULL,NULL,NULL,NULL,NULL,NULL,NULL,NULL,NULL,NULL,NULL,NULL,NULL),(931,NULL,NULL,NULL,NULL,NULL,NULL,NULL,NULL,NULL,NULL,NULL,NULL,NULL),(932,NULL,NULL,NULL,NULL,NULL,NULL,NULL,NULL,NULL,NULL,NULL,NULL,NULL),(933,NULL,NULL,NULL,NULL,NULL,NULL,NULL,NULL,NULL,NULL,NULL,NULL,NULL),(934,NULL,NULL,NULL,NULL,NULL,NULL,NULL,NULL,NULL,NULL,NULL,NULL,NULL),(935,NULL,NULL,NULL,NULL,NULL,NULL,NULL,NULL,NULL,NULL,NULL,NULL,NULL),(936,NULL,NULL,NULL,NULL,NULL,NULL,NULL,NULL,NULL,NULL,NULL,NULL,NULL),(937,NULL,NULL,NULL,NULL,NULL,NULL,NULL,NULL,NULL,NULL,NULL,NULL,NULL),(938,NULL,NULL,NULL,NULL,NULL,NULL,NULL,NULL,NULL,NULL,NULL,NULL,NULL),(939,NULL,NULL,NULL,NULL,NULL,NULL,NULL,NULL,NULL,NULL,NULL,NULL,NULL),(940,NULL,NULL,NULL,NULL,NULL,NULL,NULL,NULL,NULL,NULL,NULL,NULL,NULL),(941,NULL,NULL,NULL,NULL,NULL,NULL,NULL,NULL,NULL,NULL,NULL,NULL,NULL),(942,NULL,NULL,NULL,NULL,NULL,NULL,NULL,NULL,NULL,NULL,NULL,NULL,NULL),(943,NULL,NULL,NULL,NULL,NULL,NULL,NULL,NULL,NULL,NULL,NULL,NULL,NULL),(944,NULL,NULL,NULL,NULL,NULL,NULL,NULL,NULL,NULL,NULL,NULL,NULL,NULL),(945,NULL,NULL,NULL,NULL,NULL,NULL,NULL,NULL,NULL,NULL,NULL,NULL,NULL),(946,NULL,NULL,NULL,NULL,NULL,NULL,NULL,NULL,NULL,NULL,NULL,NULL,NULL),(947,NULL,NULL,NULL,NULL,NULL,NULL,NULL,NULL,NULL,NULL,NULL,NULL,NULL),(948,NULL,NULL,NULL,NULL,NULL,NULL,NULL,NULL,NULL,NULL,NULL,NULL,NULL),(949,NULL,NULL,NULL,NULL,NULL,NULL,NULL,NULL,NULL,NULL,NULL,NULL,NULL),(950,NULL,NULL,NULL,NULL,NULL,NULL,NULL,NULL,NULL,NULL,NULL,NULL,NULL),(951,NULL,NULL,NULL,NULL,NULL,NULL,NULL,NULL,NULL,NULL,NULL,NULL,NULL),(952,NULL,NULL,NULL,NULL,NULL,NULL,NULL,NULL,NULL,NULL,NULL,NULL,NULL),(953,NULL,NULL,NULL,NULL,NULL,NULL,NULL,NULL,NULL,NULL,NULL,NULL,NULL),(954,NULL,NULL,NULL,NULL,NULL,NULL,NULL,NULL,NULL,NULL,NULL,NULL,NULL),(955,NULL,NULL,NULL,NULL,NULL,NULL,NULL,NULL,NULL,NULL,NULL,NULL,NULL),(956,NULL,NULL,NULL,NULL,NULL,NULL,NULL,NULL,NULL,NULL,NULL,NULL,NULL),(957,NULL,NULL,NULL,NULL,NULL,NULL,NULL,NULL,NULL,NULL,NULL,NULL,NULL),(958,NULL,NULL,NULL,NULL,NULL,NULL,NULL,NULL,NULL,NULL,NULL,NULL,NULL),(959,NULL,NULL,NULL,NULL,NULL,NULL,NULL,NULL,NULL,NULL,NULL,NULL,NULL),(960,NULL,NULL,NULL,NULL,NULL,NULL,NULL,NULL,NULL,NULL,NULL,NULL,NULL),(961,NULL,NULL,NULL,NULL,NULL,NULL,NULL,NULL,NULL,NULL,NULL,NULL,NULL),(962,NULL,NULL,NULL,NULL,NULL,NULL,NULL,NULL,NULL,NULL,NULL,NULL,NULL),(963,NULL,NULL,NULL,NULL,NULL,NULL,NULL,NULL,NULL,NULL,NULL,NULL,NULL),(964,NULL,NULL,NULL,NULL,NULL,NULL,NULL,NULL,NULL,NULL,NULL,NULL,NULL),(965,NULL,NULL,NULL,NULL,NULL,NULL,NULL,NULL,NULL,NULL,NULL,NULL,NULL),(966,NULL,NULL,NULL,NULL,NULL,NULL,NULL,NULL,NULL,NULL,NULL,NULL,NULL),(967,NULL,NULL,NULL,NULL,NULL,NULL,NULL,NULL,NULL,NULL,NULL,NULL,NULL),(968,NULL,NULL,NULL,NULL,NULL,NULL,NULL,NULL,NULL,NULL,NULL,NULL,NULL),(969,NULL,NULL,NULL,NULL,NULL,NULL,NULL,NULL,NULL,NULL,NULL,NULL,NULL),(970,NULL,NULL,NULL,NULL,NULL,NULL,NULL,NULL,NULL,NULL,NULL,NULL,NULL),(971,NULL,NULL,NULL,NULL,NULL,NULL,NULL,NULL,NULL,NULL,NULL,NULL,NULL),(972,NULL,NULL,NULL,NULL,NULL,NULL,NULL,NULL,NULL,NULL,NULL,NULL,NULL),(973,NULL,NULL,NULL,NULL,NULL,NULL,NULL,NULL,NULL,NULL,NULL,NULL,NULL),(974,NULL,NULL,NULL,NULL,NULL,NULL,NULL,NULL,NULL,NULL,NULL,NULL,NULL),(975,NULL,NULL,NULL,NULL,NULL,NULL,NULL,NULL,NULL,NULL,NULL,NULL,NULL),(976,NULL,NULL,NULL,NULL,NULL,NULL,NULL,NULL,NULL,NULL,NULL,NULL,NULL),(977,NULL,NULL,NULL,NULL,NULL,NULL,NULL,NULL,NULL,NULL,NULL,NULL,NULL),(978,NULL,NULL,NULL,NULL,NULL,NULL,NULL,NULL,NULL,NULL,NULL,NULL,NULL),(979,NULL,NULL,NULL,NULL,NULL,NULL,NULL,NULL,NULL,NULL,NULL,NULL,NULL),(980,NULL,NULL,NULL,NULL,NULL,NULL,NULL,NULL,NULL,NULL,NULL,NULL,NULL),(981,NULL,NULL,NULL,NULL,NULL,NULL,NULL,NULL,NULL,NULL,NULL,NULL,NULL),(982,NULL,NULL,NULL,NULL,NULL,NULL,NULL,NULL,NULL,NULL,NULL,NULL,NULL),(983,NULL,NULL,NULL,NULL,NULL,NULL,NULL,NULL,NULL,NULL,NULL,NULL,NULL),(984,NULL,NULL,NULL,NULL,NULL,NULL,NULL,NULL,NULL,NULL,NULL,NULL,NULL),(985,NULL,NULL,NULL,NULL,NULL,NULL,NULL,NULL,NULL,NULL,NULL,NULL,NULL),(986,NULL,NULL,NULL,NULL,NULL,NULL,NULL,NULL,NULL,NULL,NULL,NULL,NULL),(987,NULL,NULL,NULL,NULL,NULL,NULL,NULL,NULL,NULL,NULL,NULL,NULL,NULL),(988,NULL,NULL,NULL,NULL,NULL,NULL,NULL,NULL,NULL,NULL,NULL,NULL,NULL),(989,NULL,NULL,NULL,NULL,NULL,NULL,NULL,NULL,NULL,NULL,NULL,NULL,NULL),(990,NULL,NULL,NULL,NULL,NULL,NULL,NULL,NULL,NULL,NULL,NULL,NULL,NULL),(991,NULL,NULL,NULL,NULL,NULL,NULL,NULL,NULL,NULL,NULL,NULL,NULL,NULL),(992,NULL,NULL,NULL,NULL,NULL,NULL,NULL,NULL,NULL,NULL,NULL,NULL,NULL),(993,NULL,NULL,NULL,NULL,NULL,NULL,NULL,NULL,NULL,NULL,NULL,NULL,NULL),(994,NULL,NULL,NULL,NULL,NULL,NULL,NULL,NULL,NULL,NULL,NULL,NULL,NULL),(995,NULL,NULL,NULL,NULL,NULL,NULL,NULL,NULL,NULL,NULL,NULL,NULL,NULL),(996,NULL,NULL,NULL,NULL,NULL,NULL,NULL,NULL,NULL,NULL,NULL,NULL,NULL),(997,NULL,NULL,NULL,NULL,NULL,NULL,NULL,NULL,NULL,NULL,NULL,NULL,NULL),(998,NULL,NULL,NULL,NULL,NULL,NULL,NULL,NULL,NULL,NULL,NULL,NULL,NULL),(999,NULL,NULL,NULL,NULL,NULL,NULL,NULL,NULL,NULL,NULL,NULL,NULL,NULL),(1000,NULL,NULL,NULL,NULL,NULL,NULL,NULL,NULL,NULL,NULL,NULL,NULL,NULL),(1001,NULL,NULL,NULL,NULL,NULL,NULL,NULL,NULL,NULL,NULL,NULL,NULL,NULL),(1002,NULL,NULL,NULL,NULL,NULL,NULL,NULL,NULL,NULL,NULL,NULL,NULL,NULL),(1003,NULL,NULL,NULL,NULL,NULL,NULL,NULL,NULL,NULL,NULL,NULL,NULL,NULL),(1004,NULL,NULL,NULL,NULL,NULL,NULL,NULL,NULL,NULL,NULL,NULL,NULL,NULL),(1005,NULL,NULL,NULL,NULL,NULL,NULL,NULL,NULL,NULL,NULL,NULL,NULL,NULL),(1006,NULL,NULL,NULL,NULL,NULL,NULL,NULL,NULL,NULL,NULL,NULL,NULL,NULL),(1007,NULL,NULL,NULL,NULL,NULL,NULL,NULL,NULL,NULL,NULL,NULL,NULL,NULL),(1008,NULL,NULL,NULL,NULL,NULL,NULL,NULL,NULL,NULL,NULL,NULL,NULL,NULL),(1009,NULL,NULL,NULL,NULL,NULL,NULL,NULL,NULL,NULL,NULL,NULL,NULL,NULL),(1010,NULL,NULL,NULL,NULL,NULL,NULL,NULL,NULL,NULL,NULL,NULL,NULL,NULL),(1011,NULL,NULL,NULL,NULL,NULL,NULL,NULL,NULL,NULL,NULL,NULL,NULL,NULL),(1012,NULL,NULL,NULL,NULL,NULL,NULL,NULL,NULL,NULL,NULL,NULL,NULL,NULL),(1013,NULL,NULL,NULL,NULL,NULL,NULL,NULL,NULL,NULL,NULL,NULL,NULL,NULL),(1014,NULL,NULL,NULL,NULL,NULL,NULL,NULL,NULL,NULL,NULL,NULL,NULL,NULL),(1015,NULL,NULL,NULL,NULL,NULL,NULL,NULL,NULL,NULL,NULL,NULL,NULL,NULL),(1016,NULL,NULL,NULL,NULL,NULL,NULL,NULL,NULL,NULL,NULL,NULL,NULL,NULL),(1017,NULL,NULL,NULL,NULL,NULL,NULL,NULL,NULL,NULL,NULL,NULL,NULL,NULL),(1018,NULL,NULL,NULL,NULL,NULL,NULL,NULL,NULL,NULL,NULL,NULL,NULL,NULL),(1019,NULL,NULL,NULL,NULL,NULL,NULL,NULL,NULL,NULL,NULL,NULL,NULL,NULL),(1020,NULL,NULL,NULL,NULL,NULL,NULL,NULL,NULL,NULL,NULL,NULL,NULL,NULL),(1021,NULL,NULL,NULL,NULL,NULL,NULL,NULL,NULL,NULL,NULL,NULL,NULL,NULL),(1022,NULL,NULL,NULL,NULL,NULL,NULL,NULL,NULL,NULL,NULL,NULL,NULL,NULL),(1023,NULL,NULL,NULL,NULL,NULL,NULL,NULL,NULL,NULL,NULL,NULL,NULL,NULL),(1024,NULL,NULL,NULL,NULL,NULL,NULL,NULL,NULL,NULL,NULL,NULL,NULL,NULL),(1025,NULL,NULL,NULL,NULL,NULL,NULL,NULL,NULL,NULL,NULL,NULL,NULL,NULL),(1026,NULL,NULL,NULL,NULL,NULL,NULL,NULL,NULL,NULL,NULL,NULL,NULL,NULL),(1027,NULL,NULL,NULL,NULL,NULL,NULL,NULL,NULL,NULL,NULL,NULL,NULL,NULL),(1028,NULL,NULL,NULL,NULL,NULL,NULL,NULL,NULL,NULL,NULL,NULL,NULL,NULL),(1029,NULL,NULL,NULL,NULL,NULL,NULL,NULL,NULL,NULL,NULL,NULL,NULL,NULL),(1030,NULL,NULL,NULL,NULL,NULL,NULL,NULL,NULL,NULL,NULL,NULL,NULL,NULL),(1031,NULL,NULL,NULL,NULL,NULL,NULL,NULL,NULL,NULL,NULL,NULL,NULL,NULL),(1032,NULL,NULL,NULL,NULL,NULL,NULL,NULL,NULL,NULL,NULL,NULL,NULL,NULL),(1033,NULL,NULL,NULL,NULL,NULL,NULL,NULL,NULL,NULL,NULL,NULL,NULL,NULL),(1034,NULL,NULL,NULL,NULL,NULL,NULL,NULL,NULL,NULL,NULL,NULL,NULL,NULL),(1035,NULL,NULL,NULL,NULL,NULL,NULL,NULL,NULL,NULL,NULL,NULL,NULL,NULL),(1036,NULL,NULL,NULL,NULL,NULL,NULL,NULL,NULL,NULL,NULL,NULL,NULL,NULL),(1037,NULL,NULL,NULL,NULL,NULL,NULL,NULL,NULL,NULL,NULL,NULL,NULL,NULL),(1038,NULL,NULL,NULL,NULL,NULL,NULL,NULL,NULL,NULL,NULL,NULL,NULL,NULL),(1039,NULL,NULL,NULL,NULL,NULL,NULL,NULL,NULL,NULL,NULL,NULL,NULL,NULL),(1040,NULL,NULL,NULL,NULL,NULL,NULL,NULL,NULL,NULL,NULL,NULL,NULL,NULL),(1041,NULL,NULL,NULL,NULL,NULL,NULL,NULL,NULL,NULL,NULL,NULL,NULL,NULL),(1042,NULL,NULL,NULL,NULL,NULL,NULL,NULL,NULL,NULL,NULL,NULL,NULL,NULL),(1043,NULL,NULL,NULL,NULL,NULL,NULL,NULL,NULL,NULL,NULL,NULL,NULL,NULL),(1044,NULL,NULL,NULL,NULL,NULL,NULL,NULL,NULL,NULL,NULL,NULL,NULL,NULL),(1045,NULL,NULL,NULL,NULL,NULL,NULL,NULL,NULL,NULL,NULL,NULL,NULL,NULL),(1046,NULL,'2024-07-09 11:11:42',39.00,'TnG',0.00,NULL,NULL,NULL,NULL,0.00,0.00,NULL,NULL),(1047,NULL,NULL,NULL,NULL,NULL,NULL,NULL,NULL,NULL,NULL,NULL,NULL,NULL),(1048,NULL,'2024-07-09 11:18:21',66.00,'TnG',0.00,NULL,NULL,NULL,NULL,0.00,0.00,NULL,NULL),(1049,NULL,NULL,NULL,NULL,NULL,NULL,NULL,NULL,NULL,NULL,NULL,NULL,NULL),(1050,NULL,'2024-07-09 11:19:12',66.00,'TnG',0.00,NULL,NULL,NULL,NULL,0.00,0.00,NULL,NULL),(1051,NULL,'2024-07-09 11:22:12',66.00,'TnG',0.00,NULL,NULL,NULL,NULL,0.00,0.00,NULL,NULL),(1052,NULL,'2024-07-09 11:27:30',59.00,'TnG',0.00,NULL,NULL,NULL,NULL,0.00,0.00,NULL,NULL),(1053,NULL,'2024-07-09 11:30:23',59.00,'TnG',0.00,NULL,NULL,NULL,NULL,0.00,0.00,NULL,NULL),(1054,NULL,NULL,NULL,NULL,NULL,NULL,NULL,NULL,NULL,NULL,NULL,NULL,NULL),(1055,NULL,'2024-07-09 11:30:29',59.00,'Grab',0.00,NULL,NULL,NULL,NULL,0.00,0.00,NULL,NULL),(1056,NULL,'2024-07-09 11:30:47',59.00,'Grab',0.00,NULL,NULL,NULL,NULL,0.00,0.00,NULL,NULL),(1057,NULL,'2024-07-09 11:35:51',220.00,'TnG',0.00,NULL,NULL,NULL,NULL,0.00,0.00,NULL,NULL),(1058,NULL,'2024-07-09 11:38:24',66.00,'TnG',0.00,NULL,NULL,NULL,NULL,0.00,0.00,NULL,NULL),(1059,NULL,NULL,NULL,NULL,NULL,NULL,NULL,NULL,NULL,NULL,NULL,NULL,NULL),(1060,NULL,NULL,NULL,NULL,NULL,NULL,NULL,NULL,NULL,NULL,NULL,NULL,NULL),(1061,NULL,'2024-07-09 11:53:43',154.00,'TnG',0.00,NULL,NULL,NULL,NULL,0.00,0.00,NULL,NULL),(1062,NULL,'2024-07-09 12:40:27',132.00,'TnG',0.00,NULL,NULL,NULL,NULL,0.00,0.00,NULL,NULL),(1063,NULL,'2024-07-09 12:40:59',132.00,'TnG',0.00,NULL,NULL,NULL,NULL,0.00,0.00,NULL,NULL),(1064,NULL,'2024-07-09 12:41:02',132.00,'TnG',0.00,NULL,NULL,NULL,NULL,0.00,0.00,NULL,NULL),(1065,NULL,'2024-07-09 12:42:01',88.00,'TnG',0.00,NULL,NULL,NULL,NULL,0.00,0.00,NULL,NULL),(1066,NULL,'2024-07-09 12:42:03',88.00,'TnG',0.00,NULL,NULL,NULL,NULL,0.00,0.00,NULL,NULL),(1067,NULL,'2024-07-09 12:42:03',88.00,'TnG',0.00,NULL,NULL,NULL,NULL,0.00,0.00,NULL,NULL),(1068,NULL,'2024-07-09 12:43:13',88.00,'TnG',0.00,NULL,NULL,NULL,NULL,0.00,0.00,NULL,NULL),(1069,NULL,'2024-07-09 12:50:13',88.00,'TnG',0.00,NULL,NULL,NULL,NULL,0.00,0.00,NULL,NULL),(1070,NULL,NULL,NULL,NULL,NULL,NULL,NULL,NULL,NULL,NULL,NULL,NULL,NULL),(1071,NULL,'2024-07-09 12:50:32',88.00,'TnG',0.00,NULL,NULL,NULL,NULL,0.00,0.00,NULL,NULL),(1072,NULL,'2024-07-09 12:57:04',110.00,'TnG',0.00,NULL,NULL,NULL,NULL,0.00,0.00,NULL,NULL),(1073,NULL,'2024-07-09 12:57:06',110.00,'TnG',0.00,NULL,NULL,NULL,NULL,0.00,0.00,NULL,NULL),(1074,NULL,'2024-07-09 12:57:06',110.00,'TnG',0.00,NULL,NULL,NULL,NULL,0.00,0.00,NULL,NULL),(1075,NULL,'2024-07-09 12:57:07',110.00,'TnG',0.00,NULL,NULL,NULL,NULL,0.00,0.00,NULL,NULL),(1076,NULL,'2024-07-09 12:57:07',110.00,'TnG',0.00,NULL,NULL,NULL,NULL,0.00,0.00,NULL,NULL),(1077,NULL,'2024-07-09 12:57:07',110.00,'TnG',0.00,NULL,NULL,NULL,NULL,0.00,0.00,NULL,NULL),(1078,NULL,'2024-07-09 12:57:07',110.00,'TnG',0.00,NULL,NULL,NULL,NULL,0.00,0.00,NULL,NULL),(1079,NULL,'2024-07-09 12:57:07',110.00,'TnG',0.00,NULL,NULL,NULL,NULL,0.00,0.00,NULL,NULL),(1080,NULL,'2024-07-09 12:57:07',110.00,'TnG',0.00,NULL,NULL,NULL,NULL,0.00,0.00,NULL,NULL),(1081,NULL,'2024-07-09 12:57:08',110.00,'TnG',0.00,NULL,NULL,NULL,NULL,0.00,0.00,NULL,NULL),(1082,NULL,'2024-07-09 12:57:08',110.00,'TnG',0.00,NULL,NULL,NULL,NULL,0.00,0.00,NULL,NULL),(1083,NULL,'2024-07-09 12:57:08',110.00,'TnG',0.00,NULL,NULL,NULL,NULL,0.00,0.00,NULL,NULL),(1084,NULL,'2024-07-09 12:57:08',110.00,'TnG',0.00,NULL,NULL,NULL,NULL,0.00,0.00,NULL,NULL),(1085,NULL,'2024-07-09 12:57:08',110.00,'TnG',0.00,NULL,NULL,NULL,NULL,0.00,0.00,NULL,NULL),(1086,NULL,'2024-07-09 12:57:08',110.00,'TnG',0.00,NULL,NULL,NULL,NULL,0.00,0.00,NULL,NULL),(1087,NULL,'2024-07-09 12:57:08',110.00,'TnG',0.00,NULL,NULL,NULL,NULL,0.00,0.00,NULL,NULL),(1088,NULL,'2024-07-09 12:57:09',110.00,'TnG',0.00,NULL,NULL,NULL,NULL,0.00,0.00,NULL,NULL),(1089,NULL,'2024-07-09 12:57:09',110.00,'TnG',0.00,NULL,NULL,NULL,NULL,0.00,0.00,NULL,NULL),(1090,NULL,'2024-07-09 12:57:09',110.00,'TnG',0.00,NULL,NULL,NULL,NULL,0.00,0.00,NULL,NULL),(1091,NULL,'2024-07-09 12:57:09',110.00,'TnG',0.00,NULL,NULL,NULL,NULL,0.00,0.00,NULL,NULL),(1092,NULL,'2024-07-09 12:57:09',110.00,'TnG',0.00,NULL,NULL,NULL,NULL,0.00,0.00,NULL,NULL),(1093,NULL,'2024-07-09 12:57:09',110.00,'TnG',0.00,NULL,NULL,NULL,NULL,0.00,0.00,NULL,NULL),(1094,NULL,'2024-07-09 12:57:10',110.00,'TnG',0.00,NULL,NULL,NULL,NULL,0.00,0.00,NULL,NULL),(1095,NULL,'2024-07-09 12:57:10',110.00,'TnG',0.00,NULL,NULL,NULL,NULL,0.00,0.00,NULL,NULL),(1096,NULL,'2024-07-09 12:57:10',110.00,'TnG',0.00,NULL,NULL,NULL,NULL,0.00,0.00,NULL,NULL),(1097,NULL,'2024-07-09 12:57:10',110.00,'TnG',0.00,NULL,NULL,NULL,NULL,0.00,0.00,NULL,NULL),(1098,NULL,'2024-07-09 12:57:10',110.00,'TnG',0.00,NULL,NULL,NULL,NULL,0.00,0.00,NULL,NULL),(1099,NULL,'2024-07-09 12:57:10',110.00,'TnG',0.00,NULL,NULL,NULL,NULL,0.00,0.00,NULL,NULL),(1100,NULL,'2024-07-09 12:57:10',110.00,'TnG',0.00,NULL,NULL,NULL,NULL,0.00,0.00,NULL,NULL),(1101,NULL,'2024-07-09 12:57:10',110.00,'TnG',0.00,NULL,NULL,NULL,NULL,0.00,0.00,NULL,NULL),(1102,NULL,'2024-07-09 12:57:11',110.00,'TnG',0.00,NULL,NULL,NULL,NULL,0.00,0.00,NULL,NULL),(1103,NULL,'2024-07-09 12:57:11',110.00,'TnG',0.00,NULL,NULL,NULL,NULL,0.00,0.00,NULL,NULL),(1104,NULL,NULL,NULL,NULL,NULL,NULL,NULL,NULL,NULL,NULL,NULL,NULL,NULL),(1105,NULL,'2024-07-09 12:57:18',110.00,'Grab',0.00,NULL,NULL,NULL,NULL,0.00,0.00,NULL,NULL),(1106,NULL,NULL,NULL,NULL,NULL,NULL,NULL,NULL,NULL,NULL,NULL,NULL,NULL),(1107,NULL,NULL,NULL,NULL,NULL,NULL,NULL,NULL,NULL,NULL,NULL,NULL,NULL),(1108,NULL,'2024-07-09 13:00:41',110.00,'TnG',0.00,NULL,NULL,NULL,NULL,0.00,0.00,NULL,NULL),(1109,NULL,NULL,NULL,NULL,NULL,NULL,NULL,NULL,NULL,NULL,NULL,NULL,NULL),(1110,NULL,NULL,NULL,NULL,NULL,NULL,NULL,NULL,NULL,NULL,NULL,NULL,NULL),(1111,NULL,NULL,NULL,NULL,NULL,NULL,NULL,NULL,NULL,NULL,NULL,NULL,NULL),(1112,NULL,NULL,NULL,NULL,NULL,NULL,NULL,NULL,NULL,NULL,NULL,NULL,NULL),(1113,NULL,NULL,NULL,NULL,NULL,NULL,NULL,NULL,NULL,NULL,NULL,NULL,NULL),(1114,NULL,NULL,NULL,NULL,NULL,NULL,NULL,NULL,NULL,NULL,NULL,NULL,NULL),(1115,NULL,NULL,NULL,NULL,NULL,NULL,NULL,NULL,NULL,NULL,NULL,NULL,NULL),(1116,NULL,NULL,NULL,NULL,NULL,NULL,NULL,NULL,NULL,NULL,NULL,NULL,NULL),(1117,NULL,NULL,NULL,NULL,NULL,NULL,NULL,NULL,NULL,NULL,NULL,NULL,NULL),(1118,NULL,NULL,NULL,NULL,NULL,NULL,NULL,NULL,NULL,NULL,NULL,NULL,NULL),(1119,NULL,'2024-07-09 13:04:51',616.00,'TnG',0.00,NULL,NULL,NULL,NULL,0.00,0.00,NULL,NULL),(1120,NULL,NULL,NULL,NULL,NULL,NULL,NULL,NULL,NULL,NULL,NULL,NULL,NULL),(1121,NULL,NULL,NULL,NULL,NULL,NULL,NULL,NULL,NULL,NULL,NULL,NULL,NULL),(1122,NULL,NULL,NULL,NULL,NULL,NULL,NULL,NULL,NULL,NULL,NULL,NULL,NULL),(1123,NULL,NULL,NULL,NULL,NULL,NULL,NULL,NULL,NULL,NULL,NULL,NULL,NULL),(1124,NULL,NULL,NULL,NULL,NULL,NULL,NULL,NULL,NULL,NULL,NULL,NULL,NULL),(1125,NULL,NULL,NULL,NULL,NULL,NULL,NULL,NULL,NULL,NULL,NULL,NULL,NULL),(1126,NULL,NULL,NULL,NULL,NULL,NULL,NULL,NULL,NULL,NULL,NULL,NULL,NULL),(1127,NULL,NULL,NULL,NULL,NULL,NULL,NULL,NULL,NULL,NULL,NULL,NULL,NULL),(1128,NULL,NULL,NULL,NULL,NULL,NULL,NULL,NULL,NULL,NULL,NULL,NULL,NULL),(1129,NULL,NULL,NULL,NULL,NULL,NULL,NULL,NULL,NULL,NULL,NULL,NULL,NULL),(1130,NULL,NULL,NULL,NULL,NULL,NULL,NULL,NULL,NULL,NULL,NULL,NULL,NULL),(1131,NULL,NULL,NULL,NULL,NULL,NULL,NULL,NULL,NULL,NULL,NULL,NULL,NULL),(1132,NULL,NULL,NULL,NULL,NULL,NULL,NULL,NULL,NULL,NULL,NULL,NULL,NULL),(1133,NULL,NULL,NULL,NULL,NULL,NULL,NULL,NULL,NULL,NULL,NULL,NULL,NULL),(1134,NULL,'2024-07-09 13:38:24',312.00,'TnG',0.00,NULL,NULL,NULL,NULL,0.00,0.00,NULL,NULL),(1135,NULL,NULL,NULL,NULL,NULL,NULL,NULL,NULL,NULL,NULL,NULL,NULL,NULL),(1136,NULL,NULL,NULL,NULL,NULL,NULL,NULL,NULL,NULL,NULL,NULL,NULL,NULL),(1137,NULL,NULL,NULL,NULL,NULL,NULL,NULL,NULL,NULL,NULL,NULL,NULL,NULL),(1138,NULL,NULL,NULL,NULL,NULL,NULL,NULL,NULL,NULL,NULL,NULL,NULL,NULL),(1139,NULL,NULL,NULL,NULL,NULL,NULL,NULL,NULL,NULL,NULL,NULL,NULL,NULL),(1140,NULL,'2024-07-09 13:42:54',12.70,'Cash',50.00,NULL,NULL,NULL,1,13.00,0.30,NULL,NULL),(1141,NULL,NULL,NULL,NULL,NULL,NULL,NULL,NULL,NULL,NULL,NULL,NULL,NULL),(1142,NULL,'2024-07-09 13:44:03',35.00,'TnG',0.00,NULL,NULL,NULL,NULL,0.00,0.00,NULL,NULL),(1143,NULL,NULL,NULL,NULL,NULL,NULL,NULL,NULL,NULL,NULL,NULL,NULL,NULL),(1144,NULL,NULL,NULL,NULL,NULL,NULL,NULL,NULL,NULL,NULL,NULL,NULL,NULL),(1145,NULL,NULL,NULL,NULL,NULL,NULL,NULL,NULL,NULL,NULL,NULL,NULL,NULL),(1146,NULL,'2024-07-09 13:54:13',20.00,'TnG',0.00,NULL,NULL,NULL,NULL,0.00,0.00,NULL,NULL),(1147,NULL,NULL,NULL,NULL,NULL,NULL,NULL,NULL,NULL,NULL,NULL,NULL,NULL),(1148,NULL,'2024-07-09 14:05:59',10.00,'TnG',0.00,NULL,NULL,NULL,NULL,0.00,0.00,NULL,NULL),(1149,NULL,NULL,NULL,NULL,NULL,NULL,NULL,NULL,NULL,NULL,NULL,NULL,NULL),(1150,NULL,NULL,NULL,NULL,NULL,NULL,NULL,NULL,NULL,NULL,NULL,NULL,NULL),(1151,NULL,'2024-07-09 14:11:35',10.00,'TnG',0.00,NULL,NULL,NULL,NULL,0.00,0.00,NULL,NULL),(1152,NULL,NULL,NULL,NULL,NULL,NULL,NULL,NULL,NULL,NULL,NULL,NULL,NULL),(1153,NULL,NULL,NULL,NULL,NULL,NULL,NULL,NULL,NULL,NULL,NULL,NULL,NULL),(1154,NULL,NULL,NULL,NULL,NULL,NULL,NULL,NULL,NULL,NULL,NULL,NULL,NULL),(1155,NULL,NULL,NULL,NULL,NULL,NULL,NULL,NULL,NULL,NULL,NULL,NULL,NULL),(1156,NULL,NULL,NULL,NULL,NULL,NULL,NULL,NULL,NULL,NULL,NULL,NULL,NULL),(1157,NULL,NULL,NULL,NULL,NULL,NULL,NULL,NULL,NULL,NULL,NULL,NULL,NULL),(1158,NULL,NULL,NULL,NULL,NULL,NULL,NULL,NULL,NULL,NULL,NULL,NULL,NULL),(1159,NULL,'2024-07-09 14:32:23',12.00,'TnG',0.00,NULL,NULL,NULL,NULL,0.00,0.00,NULL,NULL),(1160,NULL,NULL,NULL,NULL,NULL,NULL,NULL,NULL,NULL,NULL,NULL,NULL,NULL),(1161,NULL,NULL,NULL,NULL,NULL,NULL,NULL,NULL,NULL,NULL,NULL,NULL,NULL),(1162,NULL,NULL,NULL,NULL,NULL,NULL,NULL,NULL,NULL,NULL,NULL,NULL,NULL),(1163,NULL,NULL,NULL,NULL,NULL,NULL,NULL,NULL,NULL,NULL,NULL,NULL,NULL),(1164,NULL,NULL,NULL,NULL,NULL,NULL,NULL,NULL,NULL,NULL,NULL,NULL,NULL),(1165,NULL,NULL,NULL,NULL,NULL,NULL,NULL,NULL,NULL,NULL,NULL,NULL,NULL),(1166,NULL,NULL,NULL,NULL,NULL,NULL,NULL,NULL,NULL,NULL,NULL,NULL,NULL),(1167,NULL,NULL,NULL,NULL,NULL,NULL,NULL,NULL,NULL,NULL,NULL,NULL,NULL),(1168,NULL,NULL,NULL,NULL,NULL,NULL,NULL,NULL,NULL,NULL,NULL,NULL,NULL),(1169,NULL,NULL,NULL,NULL,NULL,NULL,NULL,NULL,NULL,NULL,NULL,NULL,NULL),(1170,NULL,NULL,NULL,NULL,NULL,NULL,NULL,NULL,NULL,NULL,NULL,NULL,NULL),(1171,NULL,NULL,NULL,NULL,NULL,NULL,NULL,NULL,NULL,NULL,NULL,NULL,NULL),(1172,NULL,NULL,NULL,NULL,NULL,NULL,NULL,NULL,NULL,NULL,NULL,NULL,NULL),(1173,NULL,'2024-07-09 16:42:07',112.00,'TnG',0.00,NULL,NULL,NULL,NULL,0.00,0.00,NULL,NULL),(1174,NULL,NULL,NULL,NULL,NULL,NULL,NULL,NULL,NULL,NULL,NULL,NULL,NULL),(1175,NULL,NULL,NULL,NULL,NULL,NULL,NULL,NULL,NULL,NULL,NULL,NULL,NULL),(1176,NULL,NULL,NULL,NULL,NULL,NULL,NULL,NULL,NULL,NULL,NULL,NULL,NULL),(1177,NULL,'2024-07-09 17:22:50',22.00,'TnG',0.00,NULL,NULL,NULL,NULL,0.00,0.00,NULL,NULL),(1178,NULL,NULL,NULL,NULL,NULL,NULL,NULL,NULL,NULL,NULL,NULL,NULL,NULL),(1179,NULL,NULL,NULL,NULL,NULL,NULL,NULL,NULL,NULL,NULL,NULL,NULL,NULL),(1180,NULL,NULL,NULL,NULL,NULL,NULL,NULL,NULL,NULL,NULL,NULL,NULL,NULL),(1181,NULL,NULL,NULL,NULL,NULL,NULL,NULL,NULL,NULL,NULL,NULL,NULL,NULL),(1182,NULL,NULL,NULL,NULL,NULL,NULL,NULL,NULL,NULL,NULL,NULL,NULL,NULL),(1183,NULL,NULL,NULL,NULL,NULL,NULL,NULL,NULL,NULL,NULL,NULL,NULL,NULL),(1184,NULL,NULL,NULL,NULL,NULL,NULL,NULL,NULL,NULL,NULL,NULL,NULL,NULL),(1185,NULL,NULL,NULL,NULL,NULL,NULL,NULL,NULL,NULL,NULL,NULL,NULL,NULL),(1186,NULL,NULL,NULL,NULL,NULL,NULL,NULL,NULL,NULL,NULL,NULL,NULL,NULL),(1187,NULL,NULL,NULL,NULL,NULL,NULL,NULL,NULL,NULL,NULL,NULL,NULL,NULL),(1188,NULL,NULL,NULL,NULL,NULL,NULL,NULL,NULL,NULL,NULL,NULL,NULL,NULL),(1189,NULL,NULL,NULL,NULL,NULL,NULL,NULL,NULL,NULL,NULL,NULL,NULL,NULL),(1190,NULL,NULL,NULL,NULL,NULL,NULL,NULL,NULL,NULL,NULL,NULL,NULL,NULL),(1191,NULL,NULL,NULL,NULL,NULL,NULL,NULL,NULL,NULL,NULL,NULL,NULL,NULL),(1192,NULL,NULL,NULL,NULL,NULL,NULL,NULL,NULL,NULL,NULL,NULL,NULL,NULL),(1193,NULL,NULL,NULL,NULL,NULL,NULL,NULL,NULL,NULL,NULL,NULL,NULL,NULL),(1194,NULL,NULL,NULL,NULL,NULL,NULL,NULL,NULL,NULL,NULL,NULL,NULL,NULL),(1195,NULL,NULL,NULL,NULL,NULL,NULL,NULL,NULL,NULL,NULL,NULL,NULL,NULL),(1196,NULL,NULL,NULL,NULL,NULL,NULL,NULL,NULL,NULL,NULL,NULL,NULL,NULL),(1197,NULL,NULL,NULL,NULL,NULL,NULL,NULL,NULL,NULL,NULL,NULL,NULL,NULL),(1198,NULL,NULL,NULL,NULL,NULL,NULL,NULL,NULL,NULL,NULL,NULL,NULL,NULL),(1199,NULL,'2024-07-11 16:09:48',10.00,'TnG',0.00,NULL,NULL,NULL,NULL,0.00,0.00,NULL,NULL),(1200,NULL,NULL,NULL,NULL,NULL,NULL,NULL,NULL,NULL,NULL,NULL,NULL,NULL),(1201,NULL,NULL,NULL,NULL,NULL,NULL,NULL,NULL,NULL,NULL,NULL,NULL,NULL),(1202,NULL,NULL,NULL,NULL,NULL,NULL,NULL,NULL,NULL,NULL,NULL,NULL,NULL),(1203,NULL,NULL,NULL,NULL,NULL,NULL,NULL,NULL,NULL,NULL,NULL,NULL,NULL),(1204,NULL,NULL,NULL,NULL,NULL,NULL,NULL,NULL,NULL,NULL,NULL,NULL,NULL),(1205,NULL,NULL,NULL,NULL,NULL,NULL,NULL,NULL,NULL,NULL,NULL,NULL,NULL),(1206,NULL,NULL,NULL,NULL,NULL,NULL,NULL,NULL,NULL,NULL,NULL,NULL,NULL),(1207,NULL,NULL,NULL,NULL,NULL,NULL,NULL,NULL,NULL,NULL,NULL,NULL,NULL),(1208,NULL,NULL,NULL,NULL,NULL,NULL,NULL,NULL,NULL,NULL,NULL,NULL,NULL),(1209,NULL,NULL,NULL,NULL,NULL,NULL,NULL,NULL,NULL,NULL,NULL,NULL,NULL),(1210,NULL,NULL,NULL,NULL,NULL,NULL,NULL,NULL,NULL,NULL,NULL,NULL,NULL),(1211,NULL,NULL,NULL,NULL,NULL,NULL,NULL,NULL,NULL,NULL,NULL,NULL,NULL),(1212,NULL,NULL,NULL,NULL,NULL,NULL,NULL,NULL,NULL,NULL,NULL,NULL,NULL),(1213,NULL,'2024-07-16 12:39:00',23.00,'TnG',0.00,NULL,NULL,NULL,NULL,0.00,0.00,NULL,NULL),(1214,NULL,NULL,NULL,NULL,NULL,NULL,NULL,NULL,NULL,NULL,NULL,NULL,NULL),(1215,NULL,NULL,NULL,NULL,NULL,NULL,NULL,NULL,NULL,NULL,NULL,NULL,NULL),(1216,NULL,NULL,NULL,NULL,NULL,NULL,NULL,NULL,NULL,NULL,NULL,NULL,NULL),(1217,NULL,NULL,NULL,NULL,NULL,NULL,NULL,NULL,NULL,NULL,NULL,NULL,NULL),(1218,NULL,NULL,NULL,NULL,NULL,NULL,NULL,NULL,NULL,NULL,NULL,NULL,NULL),(1219,NULL,NULL,NULL,NULL,NULL,NULL,NULL,NULL,NULL,NULL,NULL,NULL,NULL),(1220,NULL,NULL,NULL,NULL,NULL,NULL,NULL,NULL,NULL,NULL,NULL,NULL,NULL),(1221,NULL,NULL,NULL,NULL,NULL,NULL,NULL,NULL,NULL,NULL,NULL,NULL,NULL),(1222,NULL,NULL,NULL,NULL,NULL,NULL,NULL,NULL,NULL,NULL,NULL,NULL,NULL),(1223,NULL,NULL,NULL,NULL,NULL,NULL,NULL,NULL,NULL,NULL,NULL,NULL,NULL),(1224,NULL,NULL,NULL,NULL,NULL,NULL,NULL,NULL,NULL,NULL,NULL,NULL,NULL),(1225,NULL,NULL,NULL,NULL,NULL,NULL,NULL,NULL,NULL,NULL,NULL,NULL,NULL),(1226,NULL,NULL,NULL,NULL,NULL,NULL,NULL,NULL,NULL,NULL,NULL,NULL,NULL),(1227,NULL,NULL,NULL,NULL,NULL,NULL,NULL,NULL,NULL,NULL,NULL,NULL,NULL),(1228,NULL,NULL,NULL,NULL,NULL,NULL,NULL,NULL,NULL,NULL,NULL,NULL,NULL),(1229,NULL,NULL,NULL,NULL,NULL,NULL,NULL,NULL,NULL,NULL,NULL,NULL,NULL),(1230,NULL,NULL,NULL,NULL,NULL,NULL,NULL,NULL,NULL,NULL,NULL,NULL,NULL),(1231,NULL,NULL,NULL,NULL,NULL,NULL,NULL,NULL,NULL,NULL,NULL,NULL,NULL),(1232,NULL,NULL,NULL,NULL,NULL,NULL,NULL,NULL,NULL,NULL,NULL,NULL,NULL),(1233,NULL,NULL,NULL,NULL,NULL,NULL,NULL,NULL,NULL,NULL,NULL,NULL,NULL),(1234,NULL,NULL,NULL,NULL,NULL,NULL,NULL,NULL,NULL,NULL,NULL,NULL,NULL),(1235,NULL,NULL,NULL,NULL,NULL,NULL,NULL,NULL,NULL,NULL,NULL,NULL,NULL),(1236,NULL,NULL,NULL,NULL,NULL,NULL,NULL,NULL,NULL,NULL,NULL,NULL,NULL),(1237,NULL,NULL,NULL,NULL,NULL,NULL,NULL,NULL,NULL,NULL,NULL,NULL,NULL),(1238,NULL,NULL,NULL,NULL,NULL,NULL,NULL,NULL,NULL,NULL,NULL,NULL,NULL),(1239,NULL,NULL,NULL,NULL,NULL,NULL,NULL,NULL,NULL,NULL,NULL,NULL,NULL),(1240,NULL,NULL,NULL,NULL,NULL,NULL,NULL,NULL,NULL,NULL,NULL,NULL,NULL),(1241,NULL,NULL,NULL,NULL,NULL,NULL,NULL,NULL,NULL,NULL,NULL,NULL,NULL),(1242,NULL,'2024-07-17 14:06:55',88.00,'TnG',0.00,NULL,NULL,NULL,NULL,0.00,0.00,NULL,NULL),(1243,NULL,NULL,NULL,NULL,NULL,NULL,NULL,NULL,NULL,NULL,NULL,NULL,NULL),(1244,NULL,'2024-07-17 14:08:44',15.20,'TnG',50.00,NULL,NULL,NULL,1,0.00,0.00,NULL,NULL),(1245,NULL,NULL,NULL,NULL,NULL,NULL,NULL,NULL,NULL,NULL,NULL,NULL,NULL),(1246,NULL,NULL,NULL,NULL,NULL,NULL,NULL,NULL,NULL,NULL,NULL,NULL,NULL),(1247,NULL,NULL,NULL,NULL,NULL,NULL,NULL,NULL,NULL,NULL,NULL,NULL,NULL),(1248,NULL,'2024-07-17 14:27:12',201.00,'Grab',0.00,NULL,NULL,NULL,NULL,0.00,0.00,NULL,NULL),(1249,NULL,NULL,NULL,NULL,NULL,NULL,NULL,NULL,NULL,NULL,NULL,NULL,NULL),(1250,NULL,NULL,NULL,NULL,NULL,NULL,NULL,NULL,NULL,NULL,NULL,NULL,NULL),(1251,NULL,NULL,NULL,NULL,NULL,NULL,NULL,NULL,NULL,NULL,NULL,NULL,NULL),(1252,NULL,NULL,NULL,NULL,NULL,NULL,NULL,NULL,NULL,NULL,NULL,NULL,NULL),(1253,NULL,NULL,NULL,NULL,NULL,NULL,NULL,NULL,NULL,NULL,NULL,NULL,NULL),(1254,NULL,NULL,NULL,NULL,NULL,NULL,NULL,NULL,NULL,NULL,NULL,NULL,NULL),(1255,NULL,NULL,NULL,NULL,NULL,NULL,NULL,NULL,NULL,NULL,NULL,NULL,NULL),(1256,NULL,NULL,NULL,NULL,NULL,NULL,NULL,NULL,NULL,NULL,NULL,NULL,NULL),(1257,NULL,NULL,NULL,NULL,NULL,NULL,NULL,NULL,NULL,NULL,NULL,NULL,NULL),(1258,NULL,NULL,NULL,NULL,NULL,NULL,NULL,NULL,NULL,NULL,NULL,NULL,NULL),(1259,NULL,NULL,NULL,NULL,NULL,NULL,NULL,NULL,NULL,NULL,NULL,NULL,NULL),(1260,NULL,'2024-07-17 16:20:28',88.00,'Grab',0.00,NULL,NULL,NULL,NULL,0.00,0.00,NULL,NULL),(1261,NULL,NULL,NULL,NULL,NULL,NULL,NULL,NULL,NULL,NULL,NULL,NULL,NULL),(1262,NULL,NULL,NULL,NULL,NULL,NULL,NULL,NULL,NULL,NULL,NULL,NULL,NULL),(1263,NULL,NULL,NULL,NULL,NULL,NULL,NULL,NULL,NULL,NULL,NULL,NULL,NULL),(1264,NULL,NULL,NULL,NULL,NULL,NULL,NULL,NULL,NULL,NULL,NULL,NULL,NULL),(1265,NULL,NULL,NULL,NULL,NULL,NULL,NULL,NULL,NULL,NULL,NULL,NULL,NULL),(1266,NULL,NULL,NULL,NULL,NULL,NULL,NULL,NULL,NULL,NULL,NULL,NULL,NULL),(1267,NULL,NULL,NULL,NULL,NULL,NULL,NULL,NULL,NULL,NULL,NULL,NULL,NULL),(1268,NULL,NULL,NULL,NULL,NULL,NULL,NULL,NULL,NULL,NULL,NULL,NULL,NULL),(1269,NULL,NULL,NULL,NULL,NULL,NULL,NULL,NULL,NULL,NULL,NULL,NULL,NULL),(1270,NULL,NULL,NULL,NULL,NULL,NULL,NULL,NULL,NULL,NULL,NULL,NULL,NULL),(1271,NULL,NULL,NULL,NULL,NULL,NULL,NULL,NULL,NULL,NULL,NULL,NULL,NULL),(1272,NULL,NULL,NULL,NULL,NULL,NULL,NULL,NULL,NULL,NULL,NULL,NULL,NULL),(1273,NULL,NULL,NULL,NULL,NULL,NULL,NULL,NULL,NULL,NULL,NULL,NULL,NULL),(1274,NULL,NULL,NULL,NULL,NULL,NULL,NULL,NULL,NULL,NULL,NULL,NULL,NULL),(1275,NULL,'2024-07-18 15:19:54',29.70,'Cash',50.00,NULL,NULL,NULL,1,30.00,0.30,NULL,NULL),(1276,NULL,NULL,NULL,NULL,NULL,NULL,NULL,NULL,NULL,NULL,NULL,NULL,NULL),(1277,NULL,NULL,NULL,NULL,NULL,NULL,NULL,NULL,NULL,NULL,NULL,NULL,NULL),(1278,NULL,NULL,NULL,NULL,NULL,NULL,NULL,NULL,NULL,NULL,NULL,NULL,NULL),(1279,NULL,NULL,NULL,NULL,NULL,NULL,NULL,NULL,NULL,NULL,NULL,NULL,NULL),(1280,NULL,NULL,NULL,NULL,NULL,NULL,NULL,NULL,NULL,NULL,NULL,NULL,NULL),(1281,NULL,NULL,NULL,NULL,NULL,NULL,NULL,NULL,NULL,NULL,NULL,NULL,NULL),(1282,NULL,NULL,NULL,NULL,NULL,NULL,NULL,NULL,NULL,NULL,NULL,NULL,NULL),(1283,NULL,'2024-07-19 10:01:16',91.00,'TnG',0.00,NULL,NULL,NULL,NULL,0.00,0.00,NULL,NULL),(1284,NULL,'2024-07-19 10:07:00',1100.00,'TnG',0.00,NULL,NULL,NULL,NULL,0.00,0.00,NULL,NULL),(1285,NULL,NULL,NULL,NULL,NULL,NULL,NULL,NULL,NULL,NULL,NULL,NULL,NULL),(1286,NULL,NULL,NULL,NULL,NULL,NULL,NULL,NULL,NULL,NULL,NULL,NULL,NULL),(1287,NULL,'2024-07-19 11:16:12',29.00,'TnG',0.00,NULL,NULL,NULL,NULL,0.00,0.00,NULL,NULL),(1288,NULL,'2024-07-19 11:16:17',6.00,'TnG',0.00,NULL,NULL,NULL,NULL,0.00,0.00,NULL,NULL),(1289,NULL,'2024-07-19 11:17:42',17.00,'TnG',0.00,NULL,NULL,NULL,NULL,0.00,0.00,NULL,NULL),(1290,NULL,'2024-07-19 13:37:26',11.00,'TnG',0.00,NULL,NULL,NULL,NULL,0.00,0.00,NULL,NULL),(1291,NULL,'2024-07-19 13:37:29',6.00,'TnG',0.00,NULL,NULL,NULL,NULL,0.00,0.00,NULL,NULL),(1292,NULL,'2024-07-19 13:37:32',11.00,'TnG',0.00,NULL,NULL,NULL,NULL,0.00,0.00,NULL,NULL),(1293,NULL,'2024-07-19 13:37:34',11.00,'TnG',0.00,NULL,NULL,NULL,NULL,0.00,0.00,NULL,NULL),(1294,NULL,'2024-07-19 13:37:36',11.00,'TnG',0.00,NULL,NULL,NULL,NULL,0.00,0.00,NULL,NULL),(1295,NULL,'2024-07-19 13:37:39',11.00,'TnG',0.00,NULL,NULL,NULL,NULL,0.00,0.00,NULL,NULL),(1296,NULL,NULL,NULL,NULL,NULL,NULL,NULL,NULL,NULL,NULL,NULL,NULL,NULL),(1297,NULL,NULL,NULL,NULL,NULL,NULL,NULL,NULL,NULL,NULL,NULL,NULL,NULL),(1298,NULL,NULL,NULL,NULL,NULL,NULL,NULL,NULL,NULL,NULL,NULL,NULL,NULL),(1299,NULL,NULL,NULL,NULL,NULL,NULL,NULL,NULL,NULL,NULL,NULL,NULL,NULL),(1300,NULL,NULL,NULL,NULL,NULL,NULL,NULL,NULL,NULL,NULL,NULL,NULL,NULL),(1301,NULL,NULL,NULL,NULL,NULL,NULL,NULL,NULL,NULL,NULL,NULL,NULL,NULL),(1302,NULL,NULL,NULL,NULL,NULL,NULL,NULL,NULL,NULL,NULL,NULL,NULL,NULL),(1303,NULL,NULL,NULL,NULL,NULL,NULL,NULL,NULL,NULL,NULL,NULL,NULL,NULL),(1304,NULL,NULL,NULL,NULL,NULL,NULL,NULL,NULL,NULL,NULL,NULL,NULL,NULL),(1305,NULL,NULL,NULL,NULL,NULL,NULL,NULL,NULL,NULL,NULL,NULL,NULL,NULL),(1306,NULL,NULL,NULL,NULL,NULL,NULL,NULL,NULL,NULL,NULL,NULL,NULL,NULL),(1307,NULL,NULL,NULL,NULL,NULL,NULL,NULL,NULL,NULL,NULL,NULL,NULL,NULL),(1308,NULL,NULL,NULL,NULL,NULL,NULL,NULL,NULL,NULL,NULL,NULL,NULL,NULL),(1309,NULL,NULL,NULL,NULL,NULL,NULL,NULL,NULL,NULL,NULL,NULL,NULL,NULL),(1310,NULL,NULL,NULL,NULL,NULL,NULL,NULL,NULL,NULL,NULL,NULL,NULL,NULL),(1311,NULL,NULL,NULL,NULL,NULL,NULL,NULL,NULL,NULL,NULL,NULL,NULL,NULL),(1312,NULL,NULL,NULL,NULL,NULL,NULL,NULL,NULL,NULL,NULL,NULL,NULL,NULL),(1313,NULL,NULL,NULL,NULL,NULL,NULL,NULL,NULL,NULL,NULL,NULL,NULL,NULL),(1314,NULL,NULL,NULL,NULL,NULL,NULL,NULL,NULL,NULL,NULL,NULL,NULL,NULL),(1315,NULL,NULL,NULL,NULL,NULL,NULL,NULL,NULL,NULL,NULL,NULL,NULL,NULL),(1316,NULL,NULL,NULL,NULL,NULL,NULL,NULL,NULL,NULL,NULL,NULL,NULL,NULL),(1317,NULL,NULL,NULL,NULL,NULL,NULL,NULL,NULL,NULL,NULL,NULL,NULL,NULL),(1318,NULL,NULL,NULL,NULL,NULL,NULL,NULL,NULL,NULL,NULL,NULL,NULL,NULL),(1319,NULL,NULL,NULL,NULL,NULL,NULL,NULL,NULL,NULL,NULL,NULL,NULL,NULL),(1320,NULL,NULL,NULL,NULL,NULL,NULL,NULL,NULL,NULL,NULL,NULL,NULL,NULL),(1321,NULL,NULL,NULL,NULL,NULL,NULL,NULL,NULL,NULL,NULL,NULL,NULL,NULL),(1322,NULL,NULL,NULL,NULL,NULL,NULL,NULL,NULL,NULL,NULL,NULL,NULL,NULL),(1323,NULL,NULL,NULL,NULL,NULL,NULL,NULL,NULL,NULL,NULL,NULL,NULL,NULL),(1324,NULL,NULL,NULL,NULL,NULL,NULL,NULL,NULL,NULL,NULL,NULL,NULL,NULL),(1325,NULL,NULL,NULL,NULL,NULL,NULL,NULL,NULL,NULL,NULL,NULL,NULL,NULL),(1326,NULL,NULL,NULL,NULL,NULL,NULL,NULL,NULL,NULL,NULL,NULL,NULL,NULL),(1327,NULL,NULL,NULL,NULL,NULL,NULL,NULL,NULL,NULL,NULL,NULL,NULL,NULL),(1328,NULL,NULL,NULL,NULL,NULL,NULL,NULL,NULL,NULL,NULL,NULL,NULL,NULL),(1329,NULL,NULL,NULL,NULL,NULL,NULL,NULL,NULL,NULL,NULL,NULL,NULL,NULL),(1330,NULL,NULL,NULL,NULL,NULL,NULL,NULL,NULL,NULL,NULL,NULL,NULL,NULL),(1331,NULL,NULL,NULL,NULL,NULL,NULL,NULL,NULL,NULL,NULL,NULL,NULL,NULL),(1332,NULL,NULL,NULL,NULL,NULL,NULL,NULL,NULL,NULL,NULL,NULL,NULL,NULL),(1333,NULL,NULL,NULL,NULL,NULL,NULL,NULL,NULL,NULL,NULL,NULL,NULL,NULL),(1334,NULL,NULL,NULL,NULL,NULL,NULL,NULL,NULL,NULL,NULL,NULL,NULL,NULL),(1335,NULL,NULL,NULL,NULL,NULL,NULL,NULL,NULL,NULL,NULL,NULL,NULL,NULL),(1336,NULL,NULL,NULL,NULL,NULL,NULL,NULL,NULL,NULL,NULL,NULL,NULL,NULL),(1337,NULL,NULL,NULL,NULL,NULL,NULL,NULL,NULL,NULL,NULL,NULL,NULL,NULL),(1338,NULL,NULL,NULL,NULL,NULL,NULL,NULL,NULL,NULL,NULL,NULL,NULL,NULL),(1339,NULL,NULL,NULL,NULL,NULL,NULL,NULL,NULL,NULL,NULL,NULL,NULL,NULL),(1340,NULL,NULL,NULL,NULL,NULL,NULL,NULL,NULL,NULL,NULL,NULL,NULL,NULL),(1341,NULL,NULL,NULL,NULL,NULL,NULL,NULL,NULL,NULL,NULL,NULL,NULL,NULL),(1342,NULL,NULL,NULL,NULL,NULL,NULL,NULL,NULL,NULL,NULL,NULL,NULL,NULL),(1343,NULL,NULL,NULL,NULL,NULL,NULL,NULL,NULL,NULL,NULL,NULL,NULL,NULL),(1344,NULL,NULL,NULL,NULL,NULL,NULL,NULL,NULL,NULL,NULL,NULL,NULL,NULL),(1345,NULL,NULL,NULL,NULL,NULL,NULL,NULL,NULL,NULL,NULL,NULL,NULL,NULL),(1346,NULL,NULL,NULL,NULL,NULL,NULL,NULL,NULL,NULL,NULL,NULL,NULL,NULL),(1347,NULL,NULL,NULL,NULL,NULL,NULL,NULL,NULL,NULL,NULL,NULL,NULL,NULL),(1348,NULL,NULL,NULL,NULL,NULL,NULL,NULL,NULL,NULL,NULL,NULL,NULL,NULL),(1349,NULL,NULL,NULL,NULL,NULL,NULL,NULL,NULL,NULL,NULL,NULL,NULL,NULL),(1350,NULL,NULL,NULL,NULL,NULL,NULL,NULL,NULL,NULL,NULL,NULL,NULL,NULL),(1351,NULL,NULL,NULL,NULL,NULL,NULL,NULL,NULL,NULL,NULL,NULL,NULL,NULL),(1352,NULL,NULL,NULL,NULL,NULL,NULL,NULL,NULL,NULL,NULL,NULL,NULL,NULL),(1353,NULL,NULL,NULL,NULL,NULL,NULL,NULL,NULL,NULL,NULL,NULL,NULL,NULL),(1354,NULL,'2024-07-22 09:58:52',22.20,'TnG',50.00,NULL,NULL,NULL,1,0.00,0.00,NULL,NULL),(1355,NULL,NULL,NULL,NULL,NULL,NULL,NULL,NULL,NULL,NULL,NULL,NULL,NULL),(1356,NULL,NULL,NULL,NULL,NULL,NULL,NULL,NULL,NULL,NULL,NULL,NULL,NULL),(1357,NULL,NULL,NULL,NULL,NULL,NULL,NULL,NULL,NULL,NULL,NULL,NULL,NULL),(1358,NULL,NULL,NULL,NULL,NULL,NULL,NULL,NULL,NULL,NULL,NULL,NULL,NULL),(1359,NULL,NULL,NULL,NULL,NULL,NULL,NULL,NULL,NULL,NULL,NULL,NULL,NULL),(1360,NULL,NULL,NULL,NULL,NULL,NULL,NULL,NULL,NULL,NULL,NULL,NULL,NULL),(1361,NULL,NULL,NULL,NULL,NULL,NULL,NULL,NULL,NULL,NULL,NULL,NULL,NULL),(1362,NULL,NULL,NULL,NULL,NULL,NULL,NULL,NULL,NULL,NULL,NULL,NULL,NULL),(1363,NULL,NULL,NULL,NULL,NULL,NULL,NULL,NULL,NULL,NULL,NULL,NULL,NULL),(1364,NULL,NULL,NULL,NULL,NULL,NULL,NULL,NULL,NULL,NULL,NULL,NULL,NULL),(1365,NULL,NULL,NULL,NULL,NULL,NULL,NULL,NULL,NULL,NULL,NULL,NULL,NULL),(1366,NULL,NULL,NULL,NULL,NULL,NULL,NULL,NULL,NULL,NULL,NULL,NULL,NULL),(1367,NULL,NULL,NULL,NULL,NULL,NULL,NULL,NULL,NULL,NULL,NULL,NULL,NULL),(1368,NULL,NULL,NULL,NULL,NULL,NULL,NULL,NULL,NULL,NULL,NULL,NULL,NULL),(1369,NULL,NULL,NULL,NULL,NULL,NULL,NULL,NULL,NULL,NULL,NULL,NULL,NULL),(1370,NULL,NULL,NULL,NULL,NULL,NULL,NULL,NULL,NULL,NULL,NULL,NULL,NULL),(1371,NULL,NULL,NULL,NULL,NULL,NULL,NULL,NULL,NULL,NULL,NULL,NULL,NULL),(1372,NULL,NULL,NULL,NULL,NULL,NULL,NULL,NULL,NULL,NULL,NULL,NULL,NULL),(1373,NULL,NULL,NULL,NULL,NULL,NULL,NULL,NULL,NULL,NULL,NULL,NULL,NULL),(1374,NULL,NULL,NULL,NULL,NULL,NULL,NULL,NULL,NULL,NULL,NULL,NULL,NULL),(1375,NULL,NULL,NULL,NULL,NULL,NULL,NULL,NULL,NULL,NULL,NULL,NULL,NULL),(1376,NULL,NULL,NULL,NULL,NULL,NULL,NULL,NULL,NULL,NULL,NULL,NULL,NULL),(1377,NULL,NULL,NULL,NULL,NULL,NULL,NULL,NULL,NULL,NULL,NULL,NULL,NULL),(1378,NULL,NULL,NULL,NULL,NULL,NULL,NULL,NULL,NULL,NULL,NULL,NULL,NULL),(1379,NULL,NULL,NULL,NULL,NULL,NULL,NULL,NULL,NULL,NULL,NULL,NULL,NULL),(1380,NULL,NULL,NULL,NULL,NULL,NULL,NULL,NULL,NULL,NULL,NULL,NULL,NULL),(1381,NULL,NULL,NULL,NULL,NULL,NULL,NULL,NULL,NULL,NULL,NULL,NULL,NULL),(1382,NULL,NULL,NULL,NULL,NULL,NULL,NULL,NULL,NULL,NULL,NULL,NULL,NULL),(1383,NULL,NULL,NULL,NULL,NULL,NULL,NULL,NULL,NULL,NULL,NULL,NULL,NULL),(1384,NULL,NULL,NULL,NULL,NULL,NULL,NULL,NULL,NULL,NULL,NULL,NULL,NULL),(1385,NULL,NULL,NULL,NULL,NULL,NULL,NULL,NULL,NULL,NULL,NULL,NULL,NULL),(1386,NULL,NULL,NULL,NULL,NULL,NULL,NULL,NULL,NULL,NULL,NULL,NULL,NULL),(1387,NULL,NULL,NULL,NULL,NULL,NULL,NULL,NULL,NULL,NULL,NULL,NULL,NULL),(1388,NULL,NULL,NULL,NULL,NULL,NULL,NULL,NULL,NULL,NULL,NULL,NULL,NULL),(1389,NULL,NULL,NULL,NULL,NULL,NULL,NULL,NULL,NULL,NULL,NULL,NULL,NULL),(1390,NULL,NULL,NULL,NULL,NULL,NULL,NULL,NULL,NULL,NULL,NULL,NULL,NULL),(1391,NULL,NULL,NULL,NULL,NULL,NULL,NULL,NULL,NULL,NULL,NULL,NULL,NULL),(1392,NULL,NULL,NULL,NULL,NULL,NULL,NULL,NULL,NULL,NULL,NULL,NULL,NULL),(1393,NULL,NULL,NULL,NULL,NULL,NULL,NULL,NULL,NULL,NULL,NULL,NULL,NULL),(1394,NULL,NULL,NULL,NULL,NULL,NULL,NULL,NULL,NULL,NULL,NULL,NULL,NULL),(1395,NULL,NULL,NULL,NULL,NULL,NULL,NULL,NULL,NULL,NULL,NULL,NULL,NULL),(1396,NULL,NULL,NULL,NULL,NULL,NULL,NULL,NULL,NULL,NULL,NULL,NULL,NULL),(1397,NULL,NULL,NULL,NULL,NULL,NULL,NULL,NULL,NULL,NULL,NULL,NULL,NULL),(1398,NULL,NULL,NULL,NULL,NULL,NULL,NULL,NULL,NULL,NULL,NULL,NULL,NULL),(1399,NULL,NULL,NULL,NULL,NULL,NULL,NULL,NULL,NULL,NULL,NULL,NULL,NULL),(1400,NULL,NULL,NULL,NULL,NULL,NULL,NULL,NULL,NULL,NULL,NULL,NULL,NULL),(1401,NULL,NULL,NULL,NULL,NULL,NULL,NULL,NULL,NULL,NULL,NULL,NULL,NULL),(1402,NULL,NULL,NULL,NULL,NULL,NULL,NULL,NULL,NULL,NULL,NULL,NULL,NULL),(1403,NULL,NULL,NULL,NULL,NULL,NULL,NULL,NULL,NULL,NULL,NULL,NULL,NULL),(1404,NULL,NULL,NULL,NULL,NULL,NULL,NULL,NULL,NULL,NULL,NULL,NULL,NULL),(1405,NULL,NULL,NULL,NULL,NULL,NULL,NULL,NULL,NULL,NULL,NULL,NULL,NULL),(1406,NULL,NULL,NULL,NULL,NULL,NULL,NULL,NULL,NULL,NULL,NULL,NULL,NULL),(1407,NULL,NULL,NULL,NULL,NULL,NULL,NULL,NULL,NULL,NULL,NULL,NULL,NULL),(1408,NULL,NULL,NULL,NULL,NULL,NULL,NULL,NULL,NULL,NULL,NULL,NULL,NULL),(1409,NULL,NULL,NULL,NULL,NULL,NULL,NULL,NULL,NULL,NULL,NULL,NULL,NULL),(1410,NULL,NULL,NULL,NULL,NULL,NULL,NULL,NULL,NULL,NULL,NULL,NULL,NULL),(1411,NULL,NULL,NULL,NULL,NULL,NULL,NULL,NULL,NULL,NULL,NULL,NULL,NULL),(1412,NULL,NULL,NULL,NULL,NULL,NULL,NULL,NULL,NULL,NULL,NULL,NULL,NULL),(1413,NULL,NULL,NULL,NULL,NULL,NULL,NULL,NULL,NULL,NULL,NULL,NULL,NULL),(1414,NULL,NULL,NULL,NULL,NULL,NULL,NULL,NULL,NULL,NULL,NULL,NULL,NULL),(1415,NULL,NULL,NULL,NULL,NULL,NULL,NULL,NULL,NULL,NULL,NULL,NULL,NULL),(1416,NULL,NULL,NULL,NULL,NULL,NULL,NULL,NULL,NULL,NULL,NULL,NULL,NULL),(1417,NULL,NULL,NULL,NULL,NULL,NULL,NULL,NULL,NULL,NULL,NULL,NULL,NULL),(1418,NULL,NULL,NULL,NULL,NULL,NULL,NULL,NULL,NULL,NULL,NULL,NULL,NULL),(1419,NULL,NULL,NULL,NULL,NULL,NULL,NULL,NULL,NULL,NULL,NULL,NULL,NULL),(1420,NULL,NULL,NULL,NULL,NULL,NULL,NULL,NULL,NULL,NULL,NULL,NULL,NULL),(1421,NULL,NULL,NULL,NULL,NULL,NULL,NULL,NULL,NULL,NULL,NULL,NULL,NULL),(1422,NULL,'2024-07-22 11:53:18',16.20,'Grab',0.00,NULL,NULL,NULL,1,0.00,0.00,NULL,NULL),(1423,NULL,NULL,NULL,NULL,NULL,NULL,NULL,NULL,NULL,NULL,NULL,NULL,NULL),(1424,NULL,NULL,NULL,NULL,NULL,NULL,NULL,NULL,NULL,NULL,NULL,NULL,NULL),(1425,NULL,NULL,NULL,NULL,NULL,NULL,NULL,NULL,NULL,NULL,NULL,NULL,NULL),(1426,NULL,NULL,NULL,NULL,NULL,NULL,NULL,NULL,NULL,NULL,NULL,NULL,NULL),(1427,NULL,'2024-07-22 11:57:23',11.00,'TnG',0.00,NULL,NULL,NULL,NULL,0.00,0.00,NULL,NULL),(1428,NULL,NULL,NULL,NULL,NULL,NULL,NULL,NULL,NULL,NULL,NULL,NULL,NULL),(1429,NULL,NULL,NULL,NULL,NULL,NULL,NULL,NULL,NULL,NULL,NULL,NULL,NULL),(1430,NULL,NULL,NULL,NULL,NULL,NULL,NULL,NULL,NULL,NULL,NULL,NULL,NULL),(1431,NULL,NULL,NULL,NULL,NULL,NULL,NULL,NULL,NULL,NULL,NULL,NULL,NULL),(1432,NULL,NULL,NULL,NULL,NULL,NULL,NULL,NULL,NULL,NULL,NULL,NULL,NULL),(1433,NULL,NULL,NULL,NULL,NULL,NULL,NULL,NULL,NULL,NULL,NULL,NULL,NULL),(1434,NULL,NULL,NULL,NULL,NULL,NULL,NULL,NULL,NULL,NULL,NULL,NULL,NULL),(1435,NULL,NULL,NULL,NULL,NULL,NULL,NULL,NULL,NULL,NULL,NULL,NULL,NULL),(1436,NULL,NULL,NULL,NULL,NULL,NULL,NULL,NULL,NULL,NULL,NULL,NULL,NULL),(1437,NULL,NULL,NULL,NULL,NULL,NULL,NULL,NULL,NULL,NULL,NULL,NULL,NULL),(1438,NULL,NULL,NULL,NULL,NULL,NULL,NULL,NULL,NULL,NULL,NULL,NULL,NULL),(1439,NULL,NULL,NULL,NULL,NULL,NULL,NULL,NULL,NULL,NULL,NULL,NULL,NULL),(1440,NULL,NULL,NULL,NULL,NULL,NULL,NULL,NULL,NULL,NULL,NULL,NULL,NULL),(1441,NULL,NULL,NULL,NULL,NULL,NULL,NULL,NULL,NULL,NULL,NULL,NULL,NULL),(1442,NULL,NULL,NULL,NULL,NULL,NULL,NULL,NULL,NULL,NULL,NULL,NULL,NULL),(1443,NULL,NULL,NULL,NULL,NULL,NULL,NULL,NULL,NULL,NULL,NULL,NULL,NULL),(1444,NULL,NULL,NULL,NULL,NULL,NULL,NULL,NULL,NULL,NULL,NULL,NULL,NULL),(1445,NULL,NULL,NULL,NULL,NULL,NULL,NULL,NULL,NULL,NULL,NULL,NULL,NULL),(1446,NULL,NULL,NULL,NULL,NULL,NULL,NULL,NULL,NULL,NULL,NULL,NULL,NULL),(1447,NULL,NULL,NULL,NULL,NULL,NULL,NULL,NULL,NULL,NULL,NULL,NULL,NULL),(1448,NULL,NULL,NULL,NULL,NULL,NULL,NULL,NULL,NULL,NULL,NULL,NULL,NULL),(1449,NULL,NULL,NULL,NULL,NULL,NULL,NULL,NULL,NULL,NULL,NULL,NULL,NULL),(1450,NULL,NULL,NULL,NULL,NULL,NULL,NULL,NULL,NULL,NULL,NULL,NULL,NULL),(1451,NULL,NULL,NULL,NULL,NULL,NULL,NULL,NULL,NULL,NULL,NULL,NULL,NULL),(1452,NULL,NULL,NULL,NULL,NULL,NULL,NULL,NULL,NULL,NULL,NULL,NULL,NULL),(1453,NULL,NULL,NULL,NULL,NULL,NULL,NULL,NULL,NULL,NULL,NULL,NULL,NULL),(1454,NULL,NULL,NULL,NULL,NULL,NULL,NULL,NULL,NULL,NULL,NULL,NULL,NULL),(1455,NULL,NULL,NULL,NULL,NULL,NULL,NULL,NULL,NULL,NULL,NULL,NULL,NULL),(1456,NULL,NULL,NULL,NULL,NULL,NULL,NULL,NULL,NULL,NULL,NULL,NULL,NULL),(1457,NULL,NULL,NULL,NULL,NULL,NULL,NULL,NULL,NULL,NULL,NULL,NULL,NULL),(1458,NULL,NULL,NULL,NULL,NULL,NULL,NULL,NULL,NULL,NULL,NULL,NULL,NULL),(1459,NULL,NULL,NULL,NULL,NULL,NULL,NULL,NULL,NULL,NULL,NULL,NULL,NULL),(1460,NULL,NULL,NULL,NULL,NULL,NULL,NULL,NULL,NULL,NULL,NULL,NULL,NULL),(1461,NULL,NULL,NULL,NULL,NULL,NULL,NULL,NULL,NULL,NULL,NULL,NULL,NULL),(1462,NULL,NULL,NULL,NULL,NULL,NULL,NULL,NULL,NULL,NULL,NULL,NULL,NULL),(1463,NULL,NULL,NULL,NULL,NULL,NULL,NULL,NULL,NULL,NULL,NULL,NULL,NULL),(1464,NULL,NULL,NULL,NULL,NULL,NULL,NULL,NULL,NULL,NULL,NULL,NULL,NULL),(1465,NULL,NULL,NULL,NULL,NULL,NULL,NULL,NULL,NULL,NULL,NULL,NULL,NULL),(1466,NULL,NULL,NULL,NULL,NULL,NULL,NULL,NULL,NULL,NULL,NULL,NULL,NULL),(1467,NULL,NULL,NULL,NULL,NULL,NULL,NULL,NULL,NULL,NULL,NULL,NULL,NULL),(1468,NULL,NULL,NULL,NULL,NULL,NULL,NULL,NULL,NULL,NULL,NULL,NULL,NULL),(1469,NULL,'2024-07-22 16:18:17',100.00,'TnG',0.00,NULL,NULL,NULL,NULL,0.00,0.00,NULL,NULL),(1470,NULL,NULL,NULL,NULL,NULL,NULL,NULL,NULL,NULL,NULL,NULL,NULL,NULL),(1471,NULL,NULL,NULL,NULL,NULL,NULL,NULL,NULL,NULL,NULL,NULL,NULL,NULL),(1472,NULL,NULL,NULL,NULL,NULL,NULL,NULL,NULL,NULL,NULL,NULL,NULL,NULL),(1473,NULL,NULL,NULL,NULL,NULL,NULL,NULL,NULL,NULL,NULL,NULL,NULL,NULL),(1474,NULL,NULL,NULL,NULL,NULL,NULL,NULL,NULL,NULL,NULL,NULL,NULL,NULL),(1475,NULL,NULL,NULL,NULL,NULL,NULL,NULL,NULL,NULL,NULL,NULL,NULL,NULL),(1476,NULL,'2024-07-22 16:41:26',22.20,'TnG',0.00,NULL,NULL,NULL,1,0.00,0.00,NULL,NULL),(1477,NULL,NULL,NULL,NULL,NULL,NULL,NULL,NULL,NULL,NULL,NULL,NULL,NULL),(1478,NULL,NULL,NULL,NULL,NULL,NULL,NULL,NULL,NULL,NULL,NULL,NULL,NULL),(1479,NULL,NULL,NULL,NULL,NULL,NULL,NULL,NULL,NULL,NULL,NULL,NULL,NULL),(1480,NULL,NULL,NULL,NULL,NULL,NULL,NULL,NULL,NULL,NULL,NULL,NULL,NULL),(1481,NULL,NULL,NULL,NULL,NULL,NULL,NULL,NULL,NULL,NULL,NULL,NULL,NULL),(1482,NULL,NULL,NULL,NULL,NULL,NULL,NULL,NULL,NULL,NULL,NULL,NULL,NULL),(1483,NULL,NULL,NULL,NULL,NULL,NULL,NULL,NULL,NULL,NULL,NULL,NULL,NULL),(1484,NULL,NULL,NULL,NULL,NULL,NULL,NULL,NULL,NULL,NULL,NULL,NULL,NULL),(1485,NULL,NULL,NULL,NULL,NULL,NULL,NULL,NULL,NULL,NULL,NULL,NULL,NULL),(1486,NULL,NULL,NULL,NULL,NULL,NULL,NULL,NULL,NULL,NULL,NULL,NULL,NULL),(1487,NULL,NULL,NULL,NULL,NULL,NULL,NULL,NULL,NULL,NULL,NULL,NULL,NULL),(1488,NULL,'2024-07-23 10:31:43',191.00,'TnG',0.00,NULL,NULL,NULL,NULL,0.00,0.00,NULL,NULL),(1489,NULL,NULL,NULL,NULL,NULL,NULL,NULL,NULL,NULL,NULL,NULL,NULL,NULL),(1490,NULL,NULL,NULL,NULL,NULL,NULL,NULL,NULL,NULL,NULL,NULL,NULL,NULL),(1491,NULL,'2024-07-23 13:48:02',90.00,'TnG',0.00,NULL,NULL,NULL,NULL,0.00,0.00,NULL,NULL),(1492,NULL,NULL,NULL,NULL,NULL,NULL,NULL,NULL,NULL,NULL,NULL,NULL,NULL),(1493,NULL,NULL,NULL,NULL,NULL,NULL,NULL,NULL,NULL,NULL,NULL,NULL,NULL),(1494,NULL,NULL,NULL,NULL,NULL,NULL,NULL,NULL,NULL,NULL,NULL,NULL,NULL),(1495,NULL,NULL,NULL,NULL,NULL,NULL,NULL,NULL,NULL,NULL,NULL,NULL,NULL),(1496,NULL,NULL,NULL,NULL,NULL,NULL,NULL,NULL,NULL,NULL,NULL,NULL,NULL),(1497,NULL,NULL,NULL,NULL,NULL,NULL,NULL,NULL,NULL,NULL,NULL,NULL,NULL),(1498,NULL,NULL,NULL,NULL,NULL,NULL,NULL,NULL,NULL,NULL,NULL,NULL,NULL),(1499,NULL,NULL,NULL,NULL,NULL,NULL,NULL,NULL,NULL,NULL,NULL,NULL,NULL),(1500,NULL,NULL,NULL,NULL,NULL,NULL,NULL,NULL,NULL,NULL,NULL,NULL,NULL),(1501,NULL,NULL,NULL,NULL,NULL,NULL,NULL,NULL,NULL,NULL,NULL,NULL,NULL),(1502,NULL,NULL,NULL,NULL,NULL,NULL,NULL,NULL,NULL,NULL,NULL,NULL,NULL),(1503,NULL,NULL,NULL,NULL,NULL,NULL,NULL,NULL,NULL,NULL,NULL,NULL,NULL),(1504,NULL,NULL,NULL,NULL,NULL,NULL,NULL,NULL,NULL,NULL,NULL,NULL,NULL),(1505,NULL,NULL,NULL,NULL,NULL,NULL,NULL,NULL,NULL,NULL,NULL,NULL,NULL),(1506,NULL,NULL,NULL,NULL,NULL,NULL,NULL,NULL,NULL,NULL,NULL,NULL,NULL),(1507,NULL,NULL,NULL,NULL,NULL,NULL,NULL,NULL,NULL,NULL,NULL,NULL,NULL),(1508,NULL,NULL,NULL,NULL,NULL,NULL,NULL,NULL,NULL,NULL,NULL,NULL,NULL),(1509,NULL,NULL,NULL,NULL,NULL,NULL,NULL,NULL,NULL,NULL,NULL,NULL,NULL),(1510,NULL,NULL,NULL,NULL,NULL,NULL,NULL,NULL,NULL,NULL,NULL,NULL,NULL),(1511,NULL,NULL,NULL,NULL,NULL,NULL,NULL,NULL,NULL,NULL,NULL,NULL,NULL),(1512,NULL,NULL,NULL,NULL,NULL,NULL,NULL,NULL,NULL,NULL,NULL,NULL,NULL),(1513,NULL,NULL,NULL,NULL,NULL,NULL,NULL,NULL,NULL,NULL,NULL,NULL,NULL),(1514,NULL,NULL,NULL,NULL,NULL,NULL,NULL,NULL,NULL,NULL,NULL,NULL,NULL),(1515,NULL,NULL,NULL,NULL,NULL,NULL,NULL,NULL,NULL,NULL,NULL,NULL,NULL),(1516,NULL,NULL,NULL,NULL,NULL,NULL,NULL,NULL,NULL,NULL,NULL,NULL,NULL),(1517,NULL,NULL,NULL,NULL,NULL,NULL,NULL,NULL,NULL,NULL,NULL,NULL,NULL),(1518,NULL,'2024-07-25 11:05:02',27.50,'Cash',50.00,NULL,NULL,NULL,NULL,80.00,52.50,NULL,NULL),(1519,NULL,NULL,NULL,NULL,NULL,NULL,NULL,NULL,NULL,NULL,NULL,NULL,NULL),(1520,NULL,NULL,NULL,NULL,NULL,NULL,NULL,NULL,NULL,NULL,NULL,NULL,NULL),(1521,NULL,NULL,NULL,NULL,NULL,NULL,NULL,NULL,NULL,NULL,NULL,NULL,NULL),(1522,NULL,NULL,NULL,NULL,NULL,NULL,NULL,NULL,NULL,NULL,NULL,NULL,NULL),(1523,NULL,NULL,NULL,NULL,NULL,NULL,NULL,NULL,NULL,NULL,NULL,NULL,NULL),(1524,NULL,NULL,NULL,NULL,NULL,NULL,NULL,NULL,NULL,NULL,NULL,NULL,NULL),(1525,NULL,NULL,NULL,NULL,NULL,NULL,NULL,NULL,NULL,NULL,NULL,NULL,NULL),(1526,NULL,NULL,NULL,NULL,NULL,NULL,NULL,NULL,NULL,NULL,NULL,NULL,NULL),(1527,NULL,NULL,NULL,NULL,NULL,NULL,NULL,NULL,NULL,NULL,NULL,NULL,NULL),(1528,NULL,NULL,NULL,NULL,NULL,NULL,NULL,NULL,NULL,NULL,NULL,NULL,NULL),(1529,NULL,NULL,NULL,NULL,NULL,NULL,NULL,NULL,NULL,NULL,NULL,NULL,NULL),(1530,NULL,NULL,NULL,NULL,NULL,NULL,NULL,NULL,NULL,NULL,NULL,NULL,NULL),(1531,NULL,NULL,NULL,NULL,NULL,NULL,NULL,NULL,NULL,NULL,NULL,NULL,NULL),(1532,NULL,NULL,NULL,NULL,NULL,NULL,NULL,NULL,NULL,NULL,NULL,NULL,NULL),(1533,NULL,NULL,NULL,NULL,NULL,NULL,NULL,NULL,NULL,NULL,NULL,NULL,NULL),(1534,NULL,NULL,NULL,NULL,NULL,NULL,NULL,NULL,NULL,NULL,NULL,NULL,NULL),(1535,NULL,NULL,NULL,NULL,NULL,NULL,NULL,NULL,NULL,NULL,NULL,NULL,NULL),(1536,NULL,NULL,NULL,NULL,NULL,NULL,NULL,NULL,NULL,NULL,NULL,NULL,NULL),(1537,NULL,NULL,NULL,NULL,NULL,NULL,NULL,NULL,NULL,NULL,NULL,NULL,NULL),(1538,NULL,NULL,NULL,NULL,NULL,NULL,NULL,NULL,NULL,NULL,NULL,NULL,NULL),(1539,NULL,NULL,NULL,NULL,NULL,NULL,NULL,NULL,NULL,NULL,NULL,NULL,NULL),(1540,NULL,NULL,NULL,NULL,NULL,NULL,NULL,NULL,NULL,NULL,NULL,NULL,NULL),(1541,NULL,NULL,NULL,NULL,NULL,NULL,NULL,NULL,NULL,NULL,NULL,NULL,NULL),(1542,NULL,NULL,NULL,NULL,NULL,NULL,NULL,NULL,NULL,NULL,NULL,NULL,NULL),(1543,NULL,NULL,NULL,NULL,NULL,NULL,NULL,NULL,NULL,NULL,NULL,NULL,NULL),(1544,NULL,NULL,NULL,NULL,NULL,NULL,NULL,NULL,NULL,NULL,NULL,NULL,NULL),(1545,NULL,NULL,NULL,NULL,NULL,NULL,NULL,NULL,NULL,NULL,NULL,NULL,NULL),(1546,NULL,NULL,NULL,NULL,NULL,NULL,NULL,NULL,NULL,NULL,NULL,NULL,NULL),(1547,NULL,NULL,NULL,NULL,NULL,NULL,NULL,NULL,NULL,NULL,NULL,NULL,NULL),(1548,NULL,NULL,NULL,NULL,NULL,NULL,NULL,NULL,NULL,NULL,NULL,NULL,NULL),(1549,NULL,NULL,NULL,NULL,NULL,NULL,NULL,NULL,NULL,NULL,NULL,NULL,NULL),(1550,NULL,NULL,NULL,NULL,NULL,NULL,NULL,NULL,NULL,NULL,NULL,NULL,NULL),(1551,NULL,NULL,NULL,NULL,NULL,NULL,NULL,NULL,NULL,NULL,NULL,NULL,NULL),(1552,NULL,NULL,NULL,NULL,NULL,NULL,NULL,NULL,NULL,NULL,NULL,NULL,NULL),(1553,NULL,NULL,NULL,NULL,NULL,NULL,NULL,NULL,NULL,NULL,NULL,NULL,NULL),(1554,NULL,NULL,NULL,NULL,NULL,NULL,NULL,NULL,NULL,NULL,NULL,NULL,NULL),(1555,NULL,NULL,NULL,NULL,NULL,NULL,NULL,NULL,NULL,NULL,NULL,NULL,NULL),(1556,NULL,NULL,NULL,NULL,NULL,NULL,NULL,NULL,NULL,NULL,NULL,NULL,NULL),(1557,NULL,NULL,NULL,NULL,NULL,NULL,NULL,NULL,NULL,NULL,NULL,NULL,NULL),(1558,NULL,NULL,NULL,NULL,NULL,NULL,NULL,NULL,NULL,NULL,NULL,NULL,NULL),(1559,NULL,NULL,NULL,NULL,NULL,NULL,NULL,NULL,NULL,NULL,NULL,NULL,NULL),(1560,NULL,'2024-08-05 12:09:18',8.70,'Grab',50.00,NULL,NULL,NULL,1,0.00,0.00,NULL,NULL),(1561,NULL,NULL,NULL,NULL,NULL,NULL,NULL,NULL,NULL,NULL,NULL,NULL,NULL),(1562,NULL,NULL,NULL,NULL,NULL,NULL,NULL,NULL,NULL,NULL,NULL,NULL,NULL),(1563,NULL,NULL,NULL,NULL,NULL,NULL,NULL,NULL,NULL,NULL,NULL,NULL,NULL),(1564,NULL,'2024-08-06 11:31:30',78.95,'TnG',25.00,NULL,NULL,NULL,1,0.00,0.00,NULL,NULL),(1565,NULL,'2024-08-06 11:31:43',12.20,'TnG',50.00,NULL,NULL,NULL,1,0.00,0.00,NULL,NULL),(1566,NULL,NULL,NULL,NULL,NULL,NULL,NULL,NULL,NULL,NULL,NULL,NULL,NULL),(1567,NULL,NULL,NULL,NULL,NULL,NULL,NULL,NULL,NULL,NULL,NULL,NULL,NULL),(1568,NULL,'2024-08-06 11:37:02',68.00,'Cash',0.00,NULL,NULL,NULL,NULL,80.00,12.00,NULL,NULL),(1569,NULL,NULL,NULL,NULL,NULL,NULL,NULL,NULL,NULL,NULL,NULL,NULL,NULL),(1570,NULL,NULL,NULL,NULL,NULL,NULL,NULL,NULL,NULL,NULL,NULL,NULL,NULL),(1571,NULL,NULL,NULL,NULL,NULL,NULL,NULL,NULL,NULL,NULL,NULL,NULL,NULL),(1572,NULL,NULL,NULL,NULL,NULL,NULL,NULL,NULL,NULL,NULL,NULL,NULL,NULL),(1573,NULL,NULL,NULL,NULL,NULL,NULL,NULL,NULL,NULL,NULL,NULL,NULL,NULL),(1574,NULL,NULL,NULL,NULL,NULL,NULL,NULL,NULL,NULL,NULL,NULL,NULL,NULL),(1575,NULL,NULL,NULL,NULL,NULL,NULL,NULL,NULL,NULL,NULL,NULL,NULL,NULL),(1576,NULL,NULL,NULL,NULL,NULL,NULL,NULL,NULL,NULL,NULL,NULL,NULL,NULL),(1577,NULL,NULL,NULL,NULL,NULL,NULL,NULL,NULL,NULL,NULL,NULL,NULL,NULL),(1578,NULL,NULL,NULL,NULL,NULL,NULL,NULL,NULL,NULL,NULL,NULL,NULL,NULL),(1579,NULL,NULL,NULL,NULL,NULL,NULL,NULL,NULL,NULL,NULL,NULL,NULL,NULL),(1580,NULL,NULL,NULL,NULL,NULL,NULL,NULL,NULL,NULL,NULL,NULL,NULL,NULL),(1581,NULL,'2024-08-08 14:45:40',16.40,'Cash',10.00,NULL,NULL,NULL,1,18.00,1.60,NULL,NULL),(1582,NULL,NULL,NULL,NULL,NULL,NULL,NULL,NULL,NULL,NULL,NULL,NULL,NULL),(1583,NULL,NULL,NULL,NULL,NULL,NULL,NULL,NULL,NULL,NULL,NULL,NULL,NULL),(1584,NULL,NULL,NULL,NULL,NULL,NULL,NULL,NULL,NULL,NULL,NULL,NULL,NULL),(1585,NULL,NULL,NULL,NULL,NULL,NULL,NULL,NULL,NULL,NULL,NULL,NULL,NULL),(1586,NULL,NULL,NULL,NULL,NULL,NULL,NULL,NULL,NULL,NULL,NULL,NULL,NULL),(1587,NULL,NULL,NULL,NULL,NULL,NULL,NULL,NULL,NULL,NULL,NULL,NULL,NULL),(1588,NULL,NULL,NULL,NULL,NULL,NULL,NULL,NULL,NULL,NULL,NULL,NULL,NULL),(1589,NULL,NULL,NULL,NULL,NULL,NULL,NULL,NULL,NULL,NULL,NULL,NULL,NULL),(1590,NULL,NULL,NULL,NULL,NULL,NULL,NULL,NULL,NULL,NULL,NULL,NULL,NULL),(1591,NULL,NULL,NULL,NULL,NULL,NULL,NULL,NULL,NULL,NULL,NULL,NULL,NULL),(1592,NULL,NULL,NULL,NULL,NULL,NULL,NULL,NULL,NULL,NULL,NULL,NULL,NULL),(1593,NULL,NULL,NULL,NULL,NULL,NULL,NULL,NULL,NULL,NULL,NULL,NULL,NULL),(1594,NULL,NULL,NULL,NULL,NULL,NULL,NULL,NULL,NULL,NULL,NULL,NULL,NULL),(1595,NULL,NULL,NULL,NULL,NULL,NULL,NULL,NULL,NULL,NULL,NULL,NULL,NULL),(1596,NULL,NULL,NULL,NULL,NULL,NULL,NULL,NULL,NULL,NULL,NULL,NULL,NULL),(1597,NULL,NULL,NULL,NULL,NULL,NULL,NULL,NULL,NULL,NULL,NULL,NULL,NULL),(1598,NULL,NULL,NULL,NULL,NULL,NULL,NULL,NULL,NULL,NULL,NULL,NULL,NULL),(1599,NULL,NULL,NULL,NULL,NULL,NULL,NULL,NULL,NULL,NULL,NULL,NULL,NULL),(1600,NULL,NULL,NULL,NULL,NULL,NULL,NULL,NULL,NULL,NULL,NULL,NULL,NULL),(1601,NULL,NULL,NULL,NULL,NULL,NULL,NULL,NULL,NULL,NULL,NULL,NULL,NULL),(1602,NULL,NULL,NULL,NULL,NULL,NULL,NULL,NULL,NULL,NULL,NULL,NULL,NULL),(1603,NULL,NULL,NULL,NULL,NULL,NULL,NULL,NULL,NULL,NULL,NULL,NULL,NULL),(1604,NULL,NULL,NULL,NULL,NULL,NULL,NULL,NULL,NULL,NULL,NULL,NULL,NULL),(1605,NULL,NULL,NULL,NULL,NULL,NULL,NULL,NULL,NULL,NULL,NULL,NULL,NULL),(1606,NULL,NULL,NULL,NULL,NULL,NULL,NULL,NULL,NULL,NULL,NULL,NULL,NULL),(1607,NULL,NULL,NULL,NULL,NULL,NULL,NULL,NULL,NULL,NULL,NULL,NULL,NULL),(1608,NULL,NULL,NULL,NULL,NULL,NULL,NULL,NULL,NULL,NULL,NULL,NULL,NULL),(1609,NULL,NULL,NULL,NULL,NULL,NULL,NULL,NULL,NULL,NULL,NULL,NULL,NULL),(1610,NULL,NULL,NULL,NULL,NULL,NULL,NULL,NULL,NULL,NULL,NULL,NULL,NULL),(1611,NULL,NULL,NULL,NULL,NULL,NULL,NULL,NULL,NULL,NULL,NULL,NULL,NULL),(1612,NULL,NULL,NULL,NULL,NULL,NULL,NULL,NULL,NULL,NULL,NULL,NULL,NULL),(1613,NULL,NULL,NULL,NULL,NULL,NULL,NULL,NULL,NULL,NULL,NULL,NULL,NULL),(1614,NULL,NULL,NULL,NULL,NULL,NULL,NULL,NULL,NULL,NULL,NULL,NULL,NULL),(1615,NULL,NULL,NULL,NULL,NULL,NULL,NULL,NULL,NULL,NULL,NULL,NULL,NULL),(1616,NULL,NULL,NULL,NULL,NULL,NULL,NULL,NULL,NULL,NULL,NULL,NULL,NULL),(1617,NULL,'2024-08-08 16:05:33',13.70,'TnG',10.00,NULL,NULL,NULL,1,0.00,0.00,NULL,NULL),(1618,NULL,'2024-08-08 16:05:56',154.00,'Cash',0.00,NULL,NULL,NULL,NULL,160.00,6.00,NULL,NULL),(1619,NULL,NULL,NULL,NULL,NULL,NULL,NULL,NULL,NULL,NULL,NULL,NULL,NULL),(1620,NULL,NULL,NULL,NULL,NULL,NULL,NULL,NULL,NULL,NULL,NULL,NULL,NULL),(1621,NULL,'2024-08-08 16:08:54',22.00,'Cash',0.00,NULL,NULL,NULL,NULL,22.00,0.00,NULL,NULL),(1622,NULL,'2024-08-08 16:09:28',6.00,'Cash',50.00,NULL,NULL,NULL,NULL,10.00,4.00,NULL,NULL),(1623,NULL,NULL,NULL,NULL,NULL,NULL,NULL,NULL,NULL,NULL,NULL,NULL,NULL),(1624,NULL,NULL,NULL,NULL,NULL,NULL,NULL,NULL,NULL,NULL,NULL,NULL,NULL),(1625,NULL,NULL,NULL,NULL,NULL,NULL,NULL,NULL,NULL,NULL,NULL,NULL,NULL),(1626,NULL,NULL,NULL,NULL,NULL,NULL,NULL,NULL,NULL,NULL,NULL,NULL,NULL),(1627,NULL,NULL,NULL,NULL,NULL,NULL,NULL,NULL,NULL,NULL,NULL,NULL,NULL),(1628,NULL,NULL,NULL,NULL,NULL,NULL,NULL,NULL,NULL,NULL,NULL,NULL,NULL),(1629,NULL,NULL,NULL,NULL,NULL,NULL,NULL,NULL,NULL,NULL,NULL,NULL,NULL),(1630,NULL,NULL,NULL,NULL,NULL,NULL,NULL,NULL,NULL,NULL,NULL,NULL,NULL),(1631,NULL,NULL,NULL,NULL,NULL,NULL,NULL,NULL,NULL,NULL,NULL,NULL,NULL),(1632,NULL,NULL,NULL,NULL,NULL,NULL,NULL,NULL,NULL,NULL,NULL,NULL,NULL),(1633,NULL,NULL,NULL,NULL,NULL,NULL,NULL,NULL,NULL,NULL,NULL,NULL,NULL),(1634,NULL,NULL,NULL,NULL,NULL,NULL,NULL,NULL,NULL,NULL,NULL,NULL,NULL),(1635,NULL,NULL,NULL,NULL,NULL,NULL,NULL,NULL,NULL,NULL,NULL,NULL,NULL),(1636,NULL,NULL,NULL,NULL,NULL,NULL,NULL,NULL,NULL,NULL,NULL,NULL,NULL),(1637,NULL,NULL,NULL,NULL,NULL,NULL,NULL,NULL,NULL,NULL,NULL,NULL,NULL),(1638,NULL,NULL,NULL,NULL,NULL,NULL,NULL,NULL,NULL,NULL,NULL,NULL,NULL),(1639,NULL,NULL,NULL,NULL,NULL,NULL,NULL,NULL,NULL,NULL,NULL,NULL,NULL),(1640,NULL,NULL,NULL,NULL,NULL,NULL,NULL,NULL,NULL,NULL,NULL,NULL,NULL),(1641,NULL,NULL,NULL,NULL,NULL,NULL,NULL,NULL,NULL,NULL,NULL,NULL,NULL),(1642,NULL,NULL,NULL,NULL,NULL,NULL,NULL,NULL,NULL,NULL,NULL,NULL,NULL),(1643,NULL,NULL,NULL,NULL,NULL,NULL,NULL,NULL,NULL,NULL,NULL,NULL,NULL),(1644,NULL,NULL,NULL,NULL,NULL,NULL,NULL,NULL,NULL,NULL,NULL,NULL,NULL),(1645,NULL,NULL,NULL,NULL,NULL,NULL,NULL,NULL,NULL,NULL,NULL,NULL,NULL),(1646,NULL,NULL,NULL,NULL,NULL,NULL,NULL,NULL,NULL,NULL,NULL,NULL,NULL),(1647,NULL,NULL,NULL,NULL,NULL,NULL,NULL,NULL,NULL,NULL,NULL,NULL,NULL),(1648,NULL,NULL,NULL,NULL,NULL,NULL,NULL,NULL,NULL,NULL,NULL,NULL,NULL),(1649,NULL,NULL,NULL,NULL,NULL,NULL,NULL,NULL,NULL,NULL,NULL,NULL,NULL),(1650,NULL,NULL,NULL,NULL,NULL,NULL,NULL,NULL,NULL,NULL,NULL,NULL,NULL),(1651,NULL,NULL,NULL,NULL,NULL,NULL,NULL,NULL,NULL,NULL,NULL,NULL,NULL),(1652,NULL,NULL,NULL,NULL,NULL,NULL,NULL,NULL,NULL,NULL,NULL,NULL,NULL),(1653,NULL,NULL,NULL,NULL,NULL,NULL,NULL,NULL,NULL,NULL,NULL,NULL,NULL),(1654,NULL,NULL,NULL,NULL,NULL,NULL,NULL,NULL,NULL,NULL,NULL,NULL,NULL),(1655,NULL,NULL,NULL,NULL,NULL,NULL,NULL,NULL,NULL,NULL,NULL,NULL,NULL),(1656,NULL,NULL,NULL,NULL,NULL,NULL,NULL,NULL,NULL,NULL,NULL,NULL,NULL),(1657,NULL,NULL,NULL,NULL,NULL,NULL,NULL,NULL,NULL,NULL,NULL,NULL,NULL),(1658,NULL,NULL,NULL,NULL,NULL,NULL,NULL,NULL,NULL,NULL,NULL,NULL,NULL),(1659,NULL,NULL,NULL,NULL,NULL,NULL,NULL,NULL,NULL,NULL,NULL,NULL,NULL),(1660,NULL,NULL,NULL,NULL,NULL,NULL,NULL,NULL,NULL,NULL,NULL,NULL,NULL),(1661,NULL,NULL,NULL,NULL,NULL,NULL,NULL,NULL,NULL,NULL,NULL,NULL,NULL),(1662,NULL,NULL,NULL,NULL,NULL,NULL,NULL,NULL,NULL,NULL,NULL,NULL,NULL),(1663,NULL,NULL,NULL,NULL,NULL,NULL,NULL,NULL,NULL,NULL,NULL,NULL,NULL),(1664,NULL,NULL,NULL,NULL,NULL,NULL,NULL,NULL,NULL,NULL,NULL,NULL,NULL),(1665,NULL,NULL,NULL,NULL,NULL,NULL,NULL,NULL,NULL,NULL,NULL,NULL,NULL),(1666,NULL,NULL,NULL,NULL,NULL,NULL,NULL,NULL,NULL,NULL,NULL,NULL,NULL),(1667,NULL,NULL,NULL,NULL,NULL,NULL,NULL,NULL,NULL,NULL,NULL,NULL,NULL),(1668,NULL,NULL,NULL,NULL,NULL,NULL,NULL,NULL,NULL,NULL,NULL,NULL,NULL),(1669,NULL,NULL,NULL,NULL,NULL,NULL,NULL,NULL,NULL,NULL,NULL,NULL,NULL),(1670,NULL,NULL,NULL,NULL,NULL,NULL,NULL,NULL,NULL,NULL,NULL,NULL,NULL),(1671,NULL,NULL,NULL,NULL,NULL,NULL,NULL,NULL,NULL,NULL,NULL,NULL,NULL),(1672,NULL,NULL,NULL,NULL,NULL,NULL,NULL,NULL,NULL,NULL,NULL,NULL,NULL),(1673,NULL,NULL,NULL,NULL,NULL,NULL,NULL,NULL,NULL,NULL,NULL,NULL,NULL),(1674,NULL,NULL,NULL,NULL,NULL,NULL,NULL,NULL,NULL,NULL,NULL,NULL,NULL),(1675,NULL,NULL,NULL,NULL,NULL,NULL,NULL,NULL,NULL,NULL,NULL,NULL,NULL),(1676,NULL,NULL,NULL,NULL,NULL,NULL,NULL,NULL,NULL,NULL,NULL,NULL,NULL),(1677,NULL,NULL,NULL,NULL,NULL,NULL,NULL,NULL,NULL,NULL,NULL,NULL,NULL),(1678,NULL,NULL,NULL,NULL,NULL,NULL,NULL,NULL,NULL,NULL,NULL,NULL,NULL),(1679,NULL,NULL,NULL,NULL,NULL,NULL,NULL,NULL,NULL,NULL,NULL,NULL,NULL),(1680,NULL,NULL,NULL,NULL,NULL,NULL,NULL,NULL,NULL,NULL,NULL,NULL,NULL),(1681,NULL,NULL,NULL,NULL,NULL,NULL,NULL,NULL,NULL,NULL,NULL,NULL,NULL),(1682,NULL,NULL,NULL,NULL,NULL,NULL,NULL,NULL,NULL,NULL,NULL,NULL,NULL),(1683,NULL,NULL,NULL,NULL,NULL,NULL,NULL,NULL,NULL,NULL,NULL,NULL,NULL),(1684,NULL,NULL,NULL,NULL,NULL,NULL,NULL,NULL,NULL,NULL,NULL,NULL,NULL),(1685,NULL,NULL,NULL,NULL,NULL,NULL,NULL,NULL,NULL,NULL,NULL,NULL,NULL),(1686,NULL,NULL,NULL,NULL,NULL,NULL,NULL,NULL,NULL,NULL,NULL,NULL,NULL),(1687,NULL,NULL,NULL,NULL,NULL,NULL,NULL,NULL,NULL,NULL,NULL,NULL,NULL),(1688,NULL,NULL,NULL,NULL,NULL,NULL,NULL,NULL,NULL,NULL,NULL,NULL,NULL),(1689,NULL,NULL,NULL,NULL,NULL,NULL,NULL,NULL,NULL,NULL,NULL,NULL,NULL),(1690,NULL,NULL,NULL,NULL,NULL,NULL,NULL,NULL,NULL,NULL,NULL,NULL,NULL),(1691,NULL,NULL,NULL,NULL,NULL,NULL,NULL,NULL,NULL,NULL,NULL,NULL,NULL),(1692,NULL,NULL,NULL,NULL,NULL,NULL,NULL,NULL,NULL,NULL,NULL,NULL,NULL),(1693,NULL,NULL,NULL,NULL,NULL,NULL,NULL,NULL,NULL,NULL,NULL,NULL,NULL),(1694,NULL,NULL,NULL,NULL,NULL,NULL,NULL,NULL,NULL,NULL,NULL,NULL,NULL),(1695,NULL,NULL,NULL,NULL,NULL,NULL,NULL,NULL,NULL,NULL,NULL,NULL,NULL),(1696,NULL,NULL,NULL,NULL,NULL,NULL,NULL,NULL,NULL,NULL,NULL,NULL,NULL),(1697,NULL,NULL,NULL,NULL,NULL,NULL,NULL,NULL,NULL,NULL,NULL,NULL,NULL),(1698,NULL,NULL,NULL,NULL,NULL,NULL,NULL,NULL,NULL,NULL,NULL,NULL,NULL),(1699,NULL,NULL,NULL,NULL,NULL,NULL,NULL,NULL,NULL,NULL,NULL,NULL,NULL),(1700,NULL,NULL,NULL,NULL,NULL,NULL,NULL,NULL,NULL,NULL,NULL,NULL,NULL),(1701,NULL,NULL,NULL,NULL,NULL,NULL,NULL,NULL,NULL,NULL,NULL,NULL,NULL),(1702,NULL,NULL,NULL,NULL,NULL,NULL,NULL,NULL,NULL,NULL,NULL,NULL,NULL),(1703,NULL,NULL,NULL,NULL,NULL,NULL,NULL,NULL,NULL,NULL,NULL,NULL,NULL),(1704,NULL,NULL,NULL,NULL,NULL,NULL,NULL,NULL,NULL,NULL,NULL,NULL,NULL),(1705,NULL,NULL,NULL,NULL,NULL,NULL,NULL,NULL,NULL,NULL,NULL,NULL,NULL),(1706,NULL,NULL,NULL,NULL,NULL,NULL,NULL,NULL,NULL,NULL,NULL,NULL,NULL),(1707,NULL,NULL,NULL,NULL,NULL,NULL,NULL,NULL,NULL,NULL,NULL,NULL,NULL),(1708,NULL,NULL,NULL,NULL,NULL,NULL,NULL,NULL,NULL,NULL,NULL,NULL,NULL),(1709,NULL,NULL,NULL,NULL,NULL,NULL,NULL,NULL,NULL,NULL,NULL,NULL,NULL),(1710,NULL,'2024-08-12 10:55:36',10.00,'TnG',0.00,NULL,NULL,NULL,NULL,0.00,0.00,NULL,NULL),(1711,NULL,NULL,NULL,NULL,NULL,NULL,NULL,NULL,NULL,NULL,NULL,NULL,NULL),(1712,NULL,NULL,NULL,NULL,NULL,NULL,NULL,NULL,NULL,NULL,NULL,NULL,NULL),(1713,NULL,NULL,NULL,NULL,NULL,NULL,NULL,NULL,NULL,NULL,NULL,NULL,NULL),(1714,NULL,NULL,NULL,NULL,NULL,NULL,NULL,NULL,NULL,NULL,NULL,NULL,NULL),(1715,NULL,NULL,NULL,NULL,NULL,NULL,NULL,NULL,NULL,NULL,NULL,NULL,NULL),(1716,NULL,NULL,NULL,NULL,NULL,NULL,NULL,NULL,NULL,NULL,NULL,NULL,NULL),(1717,NULL,NULL,NULL,NULL,NULL,NULL,NULL,NULL,NULL,NULL,NULL,NULL,NULL),(1718,NULL,NULL,NULL,NULL,NULL,NULL,NULL,NULL,NULL,NULL,NULL,NULL,NULL),(1719,NULL,NULL,NULL,NULL,NULL,NULL,NULL,NULL,NULL,NULL,NULL,NULL,NULL),(1720,NULL,NULL,NULL,NULL,NULL,NULL,NULL,NULL,NULL,NULL,NULL,NULL,NULL),(1721,NULL,'2024-08-12 11:31:54',49.00,'TnG',0.00,NULL,NULL,NULL,NULL,0.00,0.00,NULL,NULL),(1722,NULL,NULL,NULL,NULL,NULL,NULL,NULL,NULL,NULL,NULL,NULL,NULL,NULL),(1723,NULL,NULL,NULL,NULL,NULL,NULL,NULL,NULL,NULL,NULL,NULL,NULL,NULL),(1724,NULL,NULL,NULL,NULL,NULL,NULL,NULL,NULL,NULL,NULL,NULL,NULL,NULL),(1725,NULL,NULL,NULL,NULL,NULL,NULL,NULL,NULL,NULL,NULL,NULL,NULL,NULL),(1726,NULL,'2024-08-12 11:35:38',49.00,'Grab',0.00,NULL,NULL,NULL,NULL,0.00,0.00,NULL,NULL),(1727,NULL,'2024-08-12 11:36:12',49.00,'Grab',0.00,NULL,NULL,NULL,NULL,0.00,0.00,NULL,NULL),(1728,NULL,NULL,NULL,NULL,NULL,NULL,NULL,NULL,NULL,NULL,NULL,NULL,NULL),(1729,NULL,'2024-08-12 11:36:22',49.00,'Grab',0.00,NULL,NULL,NULL,NULL,0.00,0.00,NULL,NULL),(1730,NULL,'2024-08-12 11:36:29',49.00,'Grab',0.00,NULL,NULL,NULL,NULL,0.00,0.00,NULL,NULL),(1731,NULL,'2024-08-12 11:36:30',49.00,'Grab',0.00,NULL,NULL,NULL,NULL,0.00,0.00,NULL,NULL),(1732,NULL,'2024-08-12 11:36:30',49.00,'Grab',0.00,NULL,NULL,NULL,NULL,0.00,0.00,NULL,NULL),(1733,NULL,'2024-08-12 11:36:34',49.00,'Grab',0.00,NULL,NULL,NULL,NULL,0.00,0.00,NULL,NULL),(1734,NULL,'2024-08-12 11:36:34',49.00,'Grab',0.00,NULL,NULL,NULL,NULL,0.00,0.00,NULL,NULL),(1735,NULL,'2024-08-12 11:36:34',49.00,'Grab',0.00,NULL,NULL,NULL,NULL,0.00,0.00,NULL,NULL),(1736,NULL,'2024-08-12 11:36:34',49.00,'Grab',0.00,NULL,NULL,NULL,NULL,0.00,0.00,NULL,NULL),(1737,NULL,'2024-08-12 11:36:35',49.00,'Grab',0.00,NULL,NULL,NULL,NULL,0.00,0.00,NULL,NULL),(1738,NULL,'2024-08-12 11:36:47',10.00,'Grab',0.00,NULL,NULL,NULL,NULL,0.00,0.00,NULL,NULL),(1739,NULL,'2024-08-12 11:38:48',22.00,'TnG',0.00,NULL,NULL,NULL,NULL,0.00,0.00,NULL,NULL),(1740,NULL,NULL,NULL,NULL,NULL,NULL,NULL,NULL,NULL,NULL,NULL,NULL,NULL),(1741,NULL,'2024-08-12 11:39:02',22.00,'Grab',0.00,NULL,NULL,NULL,NULL,0.00,0.00,NULL,NULL),(1742,NULL,NULL,NULL,NULL,NULL,NULL,NULL,NULL,NULL,NULL,NULL,NULL,NULL),(1743,NULL,'2024-08-12 11:46:50',95.00,'Grab',0.00,NULL,NULL,NULL,NULL,0.00,0.00,NULL,NULL),(1744,NULL,'2024-08-12 11:49:10',61.00,'TnG',0.00,NULL,NULL,NULL,NULL,0.00,0.00,NULL,NULL),(1745,NULL,'2024-08-12 11:55:00',76.00,'Grab',0.00,NULL,NULL,NULL,NULL,0.00,0.00,NULL,NULL),(1746,NULL,NULL,NULL,NULL,NULL,NULL,NULL,NULL,NULL,NULL,NULL,NULL,NULL),(1747,NULL,NULL,NULL,NULL,NULL,NULL,NULL,NULL,NULL,NULL,NULL,NULL,NULL),(1748,NULL,'2024-08-12 12:01:02',44.00,'TnG',0.00,NULL,NULL,NULL,NULL,0.00,0.00,NULL,NULL),(1749,NULL,'2024-08-12 12:01:05',44.00,'TnG',0.00,NULL,NULL,NULL,NULL,0.00,0.00,NULL,NULL),(1750,NULL,NULL,NULL,NULL,NULL,NULL,NULL,NULL,NULL,NULL,NULL,NULL,NULL),(1751,NULL,'2024-08-12 12:01:28',17.00,'TnG',0.00,NULL,NULL,NULL,NULL,0.00,0.00,NULL,NULL),(1752,NULL,'2024-08-12 12:01:32',17.00,'TnG',0.00,NULL,NULL,NULL,NULL,0.00,0.00,NULL,NULL),(1753,NULL,'2024-08-12 12:01:39',17.00,'TnG',0.00,NULL,NULL,NULL,NULL,0.00,0.00,NULL,NULL),(1754,NULL,NULL,NULL,NULL,NULL,NULL,NULL,NULL,NULL,NULL,NULL,NULL,NULL),(1755,NULL,'2024-08-12 12:02:51',44.00,'TnG',0.00,NULL,NULL,NULL,NULL,0.00,0.00,NULL,NULL),(1756,NULL,NULL,NULL,NULL,NULL,NULL,NULL,NULL,NULL,NULL,NULL,NULL,NULL),(1757,NULL,NULL,NULL,NULL,NULL,NULL,NULL,NULL,NULL,NULL,NULL,NULL,NULL),(1758,NULL,NULL,NULL,NULL,NULL,NULL,NULL,NULL,NULL,NULL,NULL,NULL,NULL),(1759,NULL,NULL,NULL,NULL,NULL,NULL,NULL,NULL,NULL,NULL,NULL,NULL,NULL),(1760,NULL,NULL,NULL,NULL,NULL,NULL,NULL,NULL,NULL,NULL,NULL,NULL,NULL),(1761,NULL,NULL,NULL,NULL,NULL,NULL,NULL,NULL,NULL,NULL,NULL,NULL,NULL),(1762,NULL,NULL,NULL,NULL,NULL,NULL,NULL,NULL,NULL,NULL,NULL,NULL,NULL),(1763,NULL,NULL,NULL,NULL,NULL,NULL,NULL,NULL,NULL,NULL,NULL,NULL,NULL),(1764,NULL,NULL,NULL,NULL,NULL,NULL,NULL,NULL,NULL,NULL,NULL,NULL,NULL),(1765,NULL,NULL,NULL,NULL,NULL,NULL,NULL,NULL,NULL,NULL,NULL,NULL,NULL),(1766,NULL,'2024-08-12 12:30:33',32.00,'TnG',0.00,NULL,NULL,NULL,NULL,0.00,0.00,NULL,NULL),(1767,NULL,NULL,NULL,NULL,NULL,NULL,NULL,NULL,NULL,NULL,NULL,NULL,NULL),(1768,NULL,'2024-08-12 12:33:44',39.00,'Grab',0.00,NULL,NULL,NULL,NULL,0.00,0.00,NULL,NULL),(1769,NULL,'2024-08-12 12:34:13',56.00,'Grab',0.00,NULL,NULL,NULL,NULL,0.00,0.00,NULL,NULL),(1770,NULL,NULL,NULL,NULL,NULL,NULL,NULL,NULL,NULL,NULL,NULL,NULL,NULL),(1771,NULL,NULL,NULL,NULL,NULL,NULL,NULL,NULL,NULL,NULL,NULL,NULL,NULL),(1772,NULL,'2024-08-12 12:35:24',56.00,'TnG',0.00,NULL,NULL,NULL,NULL,0.00,0.00,NULL,NULL),(1773,NULL,NULL,NULL,NULL,NULL,NULL,NULL,NULL,NULL,NULL,NULL,NULL,NULL),(1774,NULL,'2024-08-12 12:42:50',56.00,'TnG',0.00,NULL,NULL,NULL,NULL,0.00,0.00,NULL,NULL),(1775,NULL,'2024-08-12 12:42:54',56.00,'TnG',0.00,NULL,NULL,NULL,NULL,0.00,0.00,NULL,NULL),(1776,NULL,NULL,NULL,NULL,NULL,NULL,NULL,NULL,NULL,NULL,NULL,NULL,NULL),(1777,NULL,'2024-08-12 12:44:09',56.00,'TnG',0.00,NULL,NULL,NULL,NULL,0.00,0.00,NULL,NULL),(1778,NULL,'2024-08-12 12:44:11',56.00,'TnG',0.00,NULL,NULL,NULL,NULL,0.00,0.00,NULL,NULL),(1779,NULL,'2024-08-12 12:44:11',56.00,'TnG',0.00,NULL,NULL,NULL,NULL,0.00,0.00,NULL,NULL),(1780,NULL,NULL,NULL,NULL,NULL,NULL,NULL,NULL,NULL,NULL,NULL,NULL,NULL),(1781,NULL,NULL,NULL,NULL,NULL,NULL,NULL,NULL,NULL,NULL,NULL,NULL,NULL),(1782,NULL,'2024-08-12 12:46:01',56.00,'Grab',0.00,NULL,NULL,NULL,NULL,0.00,0.00,NULL,NULL),(1783,NULL,'2024-08-12 13:49:03',22.00,'Grab',0.00,NULL,NULL,NULL,NULL,0.00,0.00,NULL,NULL),(1784,NULL,'2024-08-12 13:49:25',22.00,'Grab',0.00,NULL,NULL,NULL,NULL,0.00,0.00,NULL,NULL),(1785,NULL,'2024-08-12 13:50:25',22.00,'TnG',0.00,NULL,NULL,NULL,NULL,0.00,0.00,NULL,NULL),(1786,NULL,NULL,NULL,NULL,NULL,NULL,NULL,NULL,NULL,NULL,NULL,NULL,NULL),(1787,NULL,NULL,NULL,NULL,NULL,NULL,NULL,NULL,NULL,NULL,NULL,NULL,NULL),(1788,NULL,'2024-08-12 14:15:39',22.00,'TnG',0.00,NULL,NULL,NULL,NULL,0.00,0.00,NULL,NULL),(1789,NULL,'2024-08-12 14:17:24',49.00,'TnG',0.00,NULL,NULL,NULL,NULL,0.00,0.00,NULL,NULL),(1790,NULL,NULL,NULL,NULL,NULL,NULL,NULL,NULL,NULL,NULL,NULL,NULL,NULL),(1791,NULL,'2024-08-12 14:17:40',49.00,'Grab',0.00,NULL,NULL,NULL,NULL,0.00,0.00,NULL,NULL),(1792,NULL,'2024-08-12 14:17:44',49.00,'Grab',0.00,NULL,NULL,NULL,NULL,0.00,0.00,NULL,NULL),(1793,NULL,'2024-08-12 14:17:50',5.00,'Grab',0.00,NULL,NULL,NULL,NULL,0.00,0.00,NULL,NULL),(1794,NULL,'2024-08-12 14:17:51',5.00,'Grab',0.00,NULL,NULL,NULL,NULL,0.00,0.00,NULL,NULL),(1795,NULL,'2024-08-12 14:17:52',5.00,'Grab',0.00,NULL,NULL,NULL,NULL,0.00,0.00,NULL,NULL),(1796,NULL,'2024-08-12 14:17:52',5.00,'Grab',0.00,NULL,NULL,NULL,NULL,0.00,0.00,NULL,NULL),(1797,NULL,'2024-08-12 14:17:52',5.00,'Grab',0.00,NULL,NULL,NULL,NULL,0.00,0.00,NULL,NULL),(1798,NULL,'2024-08-12 14:17:52',5.00,'Grab',0.00,NULL,NULL,NULL,NULL,0.00,0.00,NULL,NULL),(1799,NULL,'2024-08-12 14:17:53',5.00,'Grab',0.00,NULL,NULL,NULL,NULL,0.00,0.00,NULL,NULL),(1800,NULL,'2024-08-12 14:17:53',5.00,'Grab',0.00,NULL,NULL,NULL,NULL,0.00,0.00,NULL,NULL),(1801,NULL,'2024-08-12 14:17:53',5.00,'Grab',0.00,NULL,NULL,NULL,NULL,0.00,0.00,NULL,NULL),(1802,NULL,'2024-08-12 14:17:53',5.00,'Grab',0.00,NULL,NULL,NULL,NULL,0.00,0.00,NULL,NULL),(1803,NULL,'2024-08-12 14:17:53',5.00,'Grab',0.00,NULL,NULL,NULL,NULL,0.00,0.00,NULL,NULL),(1804,NULL,'2024-08-12 14:17:53',5.00,'Grab',0.00,NULL,NULL,NULL,NULL,0.00,0.00,NULL,NULL),(1805,NULL,'2024-08-12 14:17:53',5.00,'Grab',0.00,NULL,NULL,NULL,NULL,0.00,0.00,NULL,NULL),(1806,NULL,'2024-08-12 14:17:54',5.00,'Grab',0.00,NULL,NULL,NULL,NULL,0.00,0.00,NULL,NULL),(1807,NULL,'2024-08-12 14:17:54',5.00,'Grab',0.00,NULL,NULL,NULL,NULL,0.00,0.00,NULL,NULL),(1808,NULL,'2024-08-12 14:17:54',5.00,'Grab',0.00,NULL,NULL,NULL,NULL,0.00,0.00,NULL,NULL),(1809,NULL,'2024-08-12 14:17:54',5.00,'Grab',0.00,NULL,NULL,NULL,NULL,0.00,0.00,NULL,NULL),(1810,NULL,'2024-08-12 14:17:54',5.00,'Grab',0.00,NULL,NULL,NULL,NULL,0.00,0.00,NULL,NULL),(1811,NULL,'2024-08-12 14:17:54',5.00,'Grab',0.00,NULL,NULL,NULL,NULL,0.00,0.00,NULL,NULL),(1812,NULL,'2024-08-12 14:17:54',5.00,'Grab',0.00,NULL,NULL,NULL,NULL,0.00,0.00,NULL,NULL),(1813,NULL,'2024-08-12 14:17:55',5.00,'Grab',0.00,NULL,NULL,NULL,NULL,0.00,0.00,NULL,NULL),(1814,NULL,'2024-08-12 14:17:55',5.00,'Grab',0.00,NULL,NULL,NULL,NULL,0.00,0.00,NULL,NULL),(1815,NULL,'2024-08-12 14:17:55',5.00,'Grab',0.00,NULL,NULL,NULL,NULL,0.00,0.00,NULL,NULL),(1816,NULL,'2024-08-12 14:17:55',5.00,'Grab',0.00,NULL,NULL,NULL,NULL,0.00,0.00,NULL,NULL),(1817,NULL,'2024-08-12 14:17:55',5.00,'Grab',0.00,NULL,NULL,NULL,NULL,0.00,0.00,NULL,NULL),(1818,NULL,'2024-08-12 14:17:56',5.00,'Grab',0.00,NULL,NULL,NULL,NULL,0.00,0.00,NULL,NULL),(1819,NULL,'2024-08-12 14:17:56',5.00,'Grab',0.00,NULL,NULL,NULL,NULL,0.00,0.00,NULL,NULL),(1820,NULL,'2024-08-12 14:17:56',5.00,'Grab',0.00,NULL,NULL,NULL,NULL,0.00,0.00,NULL,NULL),(1821,NULL,'2024-08-12 14:17:56',5.00,'Grab',0.00,NULL,NULL,NULL,NULL,0.00,0.00,NULL,NULL),(1822,NULL,'2024-08-12 14:17:56',5.00,'Grab',0.00,NULL,NULL,NULL,NULL,0.00,0.00,NULL,NULL),(1823,NULL,'2024-08-12 14:17:56',5.00,'Grab',0.00,NULL,NULL,NULL,NULL,0.00,0.00,NULL,NULL),(1824,NULL,'2024-08-12 14:17:56',5.00,'Grab',0.00,NULL,NULL,NULL,NULL,0.00,0.00,NULL,NULL),(1825,NULL,'2024-08-12 14:17:57',5.00,'Grab',0.00,NULL,NULL,NULL,NULL,0.00,0.00,NULL,NULL),(1826,NULL,'2024-08-12 14:17:57',5.00,'Grab',0.00,NULL,NULL,NULL,NULL,0.00,0.00,NULL,NULL),(1827,NULL,'2024-08-12 14:17:57',5.00,'Grab',0.00,NULL,NULL,NULL,NULL,0.00,0.00,NULL,NULL),(1828,NULL,'2024-08-12 14:17:57',5.00,'Grab',0.00,NULL,NULL,NULL,NULL,0.00,0.00,NULL,NULL),(1829,NULL,'2024-08-12 14:17:57',5.00,'Grab',0.00,NULL,NULL,NULL,NULL,0.00,0.00,NULL,NULL),(1830,NULL,'2024-08-12 14:17:57',5.00,'Grab',0.00,NULL,NULL,NULL,NULL,0.00,0.00,NULL,NULL),(1831,NULL,'2024-08-12 14:17:57',5.00,'Grab',0.00,NULL,NULL,NULL,NULL,0.00,0.00,NULL,NULL),(1832,NULL,'2024-08-12 14:17:58',5.00,'Grab',0.00,NULL,NULL,NULL,NULL,0.00,0.00,NULL,NULL),(1833,NULL,'2024-08-12 14:17:58',5.00,'Grab',0.00,NULL,NULL,NULL,NULL,0.00,0.00,NULL,NULL),(1834,NULL,'2024-08-12 14:17:58',5.00,'Grab',0.00,NULL,NULL,NULL,NULL,0.00,0.00,NULL,NULL),(1835,NULL,'2024-08-12 14:17:58',5.00,'Grab',0.00,NULL,NULL,NULL,NULL,0.00,0.00,NULL,NULL),(1836,NULL,'2024-08-12 14:17:58',5.00,'Grab',0.00,NULL,NULL,NULL,NULL,0.00,0.00,NULL,NULL),(1837,NULL,'2024-08-12 14:17:58',5.00,'Grab',0.00,NULL,NULL,NULL,NULL,0.00,0.00,NULL,NULL),(1838,NULL,'2024-08-12 14:17:59',5.00,'Grab',0.00,NULL,NULL,NULL,NULL,0.00,0.00,NULL,NULL),(1839,NULL,'2024-08-12 14:17:59',5.00,'Grab',0.00,NULL,NULL,NULL,NULL,0.00,0.00,NULL,NULL),(1840,NULL,'2024-08-12 14:17:59',5.00,'Grab',0.00,NULL,NULL,NULL,NULL,0.00,0.00,NULL,NULL),(1841,NULL,'2024-08-12 14:17:59',5.00,'Grab',0.00,NULL,NULL,NULL,NULL,0.00,0.00,NULL,NULL),(1842,NULL,'2024-08-12 14:17:59',5.00,'Grab',0.00,NULL,NULL,NULL,NULL,0.00,0.00,NULL,NULL),(1843,NULL,'2024-08-12 14:17:59',5.00,'Grab',0.00,NULL,NULL,NULL,NULL,0.00,0.00,NULL,NULL),(1844,NULL,'2024-08-12 14:18:00',5.00,'Grab',0.00,NULL,NULL,NULL,NULL,0.00,0.00,NULL,NULL),(1845,NULL,'2024-08-12 14:18:00',5.00,'Grab',0.00,NULL,NULL,NULL,NULL,0.00,0.00,NULL,NULL),(1846,NULL,'2024-08-12 14:18:00',5.00,'Grab',0.00,NULL,NULL,NULL,NULL,0.00,0.00,NULL,NULL),(1847,NULL,'2024-08-12 14:18:00',5.00,'Grab',0.00,NULL,NULL,NULL,NULL,0.00,0.00,NULL,NULL),(1848,NULL,'2024-08-12 14:18:00',5.00,'Grab',0.00,NULL,NULL,NULL,NULL,0.00,0.00,NULL,NULL),(1849,NULL,NULL,NULL,NULL,NULL,NULL,NULL,NULL,NULL,NULL,NULL,NULL,NULL),(1850,NULL,NULL,NULL,NULL,NULL,NULL,NULL,NULL,NULL,NULL,NULL,NULL,NULL),(1851,NULL,NULL,NULL,NULL,NULL,NULL,NULL,NULL,NULL,NULL,NULL,NULL,NULL),(1852,NULL,NULL,NULL,NULL,NULL,NULL,NULL,NULL,NULL,NULL,NULL,NULL,NULL),(1853,NULL,NULL,NULL,NULL,NULL,NULL,NULL,NULL,NULL,NULL,NULL,NULL,NULL),(1854,NULL,NULL,NULL,NULL,NULL,NULL,NULL,NULL,NULL,NULL,NULL,NULL,NULL),(1855,NULL,NULL,NULL,NULL,NULL,NULL,NULL,NULL,NULL,NULL,NULL,NULL,NULL),(1856,NULL,NULL,NULL,NULL,NULL,NULL,NULL,NULL,NULL,NULL,NULL,NULL,NULL),(1857,NULL,NULL,NULL,NULL,NULL,NULL,NULL,NULL,NULL,NULL,NULL,NULL,NULL),(1858,NULL,NULL,NULL,NULL,NULL,NULL,NULL,NULL,NULL,NULL,NULL,NULL,NULL),(1859,NULL,NULL,NULL,NULL,NULL,NULL,NULL,NULL,NULL,NULL,NULL,NULL,NULL),(1860,NULL,'2024-08-12 14:25:21',51.00,'TnG',0.00,NULL,NULL,NULL,NULL,0.00,0.00,NULL,NULL),(1861,NULL,'2024-08-12 14:25:23',51.00,'TnG',0.00,NULL,NULL,NULL,NULL,0.00,0.00,NULL,NULL),(1862,NULL,'2024-08-12 14:25:24',51.00,'TnG',0.00,NULL,NULL,NULL,NULL,0.00,0.00,NULL,NULL),(1863,NULL,'2024-08-12 14:25:25',51.00,'TnG',0.00,NULL,NULL,NULL,NULL,0.00,0.00,NULL,NULL),(1864,NULL,'2024-08-12 14:25:26',51.00,'TnG',0.00,NULL,NULL,NULL,NULL,0.00,0.00,NULL,NULL),(1865,NULL,'2024-08-12 14:31:19',51.00,'TnG',0.00,NULL,NULL,NULL,NULL,0.00,0.00,NULL,NULL),(1866,NULL,NULL,NULL,NULL,NULL,NULL,NULL,NULL,NULL,NULL,NULL,NULL,NULL),(1867,NULL,'2024-08-12 15:11:49',32.00,'Grab',0.00,NULL,NULL,NULL,NULL,0.00,0.00,NULL,NULL),(1868,NULL,'2024-08-12 15:16:15',83.00,'Grab',0.00,NULL,NULL,NULL,NULL,0.00,0.00,NULL,NULL),(1869,NULL,'2024-08-12 15:21:29',83.00,'Grab',0.00,NULL,NULL,NULL,NULL,0.00,0.00,NULL,NULL),(1870,NULL,'2024-08-12 15:31:17',22.00,'TnG',0.00,NULL,NULL,NULL,NULL,0.00,0.00,NULL,NULL),(1871,NULL,'2024-08-12 15:34:46',44.00,'Grab',0.00,NULL,NULL,NULL,NULL,0.00,0.00,NULL,NULL),(1872,NULL,'2024-08-12 15:35:18',22.00,'TnG',0.00,NULL,NULL,NULL,NULL,0.00,0.00,NULL,NULL),(1873,NULL,NULL,NULL,NULL,NULL,NULL,NULL,NULL,NULL,NULL,NULL,NULL,NULL),(1874,NULL,'2024-08-12 15:36:37',44.00,'Grab',0.00,NULL,NULL,NULL,NULL,0.00,0.00,NULL,NULL),(1875,NULL,NULL,NULL,NULL,NULL,NULL,NULL,NULL,NULL,NULL,NULL,NULL,NULL),(1876,NULL,'2024-08-12 15:40:37',76.00,'Grab',0.00,NULL,NULL,NULL,NULL,0.00,0.00,NULL,NULL),(1877,NULL,'2024-08-12 15:42:34',76.00,'Grab',0.00,NULL,NULL,NULL,NULL,0.00,0.00,NULL,NULL),(1878,NULL,'2024-08-12 15:42:37',76.00,'Grab',0.00,NULL,NULL,NULL,NULL,0.00,0.00,NULL,NULL),(1879,NULL,NULL,NULL,NULL,NULL,NULL,NULL,NULL,NULL,NULL,NULL,NULL,NULL),(1880,NULL,'2024-08-12 15:42:49',76.00,'TnG',0.00,NULL,NULL,NULL,NULL,0.00,0.00,NULL,NULL),(1881,NULL,NULL,NULL,NULL,NULL,NULL,NULL,NULL,NULL,NULL,NULL,NULL,NULL),(1882,NULL,'2024-08-12 16:26:39',76.00,'TnG',0.00,NULL,NULL,NULL,NULL,0.00,0.00,NULL,NULL),(1883,NULL,'2024-08-12 16:27:00',32.00,'Grab',0.00,NULL,NULL,NULL,NULL,0.00,0.00,NULL,NULL),(1884,NULL,'2024-08-12 16:27:13',39.00,'Grab',0.00,NULL,NULL,NULL,NULL,0.00,0.00,NULL,NULL),(1885,NULL,NULL,NULL,NULL,NULL,NULL,NULL,NULL,NULL,NULL,NULL,NULL,NULL),(1886,NULL,'2024-08-12 16:28:05',39.00,'TnG',0.00,NULL,NULL,NULL,NULL,0.00,0.00,NULL,NULL),(1887,NULL,NULL,NULL,NULL,NULL,NULL,NULL,NULL,NULL,NULL,NULL,NULL,NULL),(1888,NULL,NULL,NULL,NULL,NULL,NULL,NULL,NULL,NULL,NULL,NULL,NULL,NULL),(1889,NULL,'2024-08-12 16:28:40',27.00,'Grab',0.00,NULL,NULL,NULL,NULL,0.00,0.00,NULL,NULL),(1890,NULL,NULL,NULL,NULL,NULL,NULL,NULL,NULL,NULL,NULL,NULL,NULL,NULL),(1891,NULL,NULL,NULL,NULL,NULL,NULL,NULL,NULL,NULL,NULL,NULL,NULL,NULL),(1892,NULL,NULL,NULL,NULL,NULL,NULL,NULL,NULL,NULL,NULL,NULL,NULL,NULL),(1893,NULL,'2024-08-12 16:42:39',2.50,'Grab',50.00,NULL,NULL,NULL,NULL,0.00,0.00,NULL,NULL),(1894,NULL,'2024-08-12 16:48:28',34.00,'TnG',0.00,NULL,NULL,NULL,NULL,0.00,0.00,NULL,NULL),(1895,NULL,'2024-08-12 16:48:59',34.00,'Grab',0.00,NULL,NULL,NULL,NULL,0.00,0.00,NULL,NULL),(1896,NULL,NULL,NULL,NULL,NULL,NULL,NULL,NULL,NULL,NULL,NULL,NULL,NULL),(1897,NULL,'2024-08-12 17:08:26',44.00,'TnG',0.00,NULL,NULL,NULL,NULL,0.00,0.00,NULL,NULL),(1898,NULL,NULL,NULL,NULL,NULL,NULL,NULL,NULL,NULL,NULL,NULL,NULL,NULL),(1899,NULL,NULL,NULL,NULL,NULL,NULL,NULL,NULL,NULL,NULL,NULL,NULL,NULL),(1900,NULL,NULL,NULL,NULL,NULL,NULL,NULL,NULL,NULL,NULL,NULL,NULL,NULL),(1901,NULL,'2024-08-12 17:10:23',61.00,'Grab',0.00,NULL,NULL,NULL,NULL,0.00,0.00,NULL,NULL),(1902,NULL,'2024-08-12 17:10:24',61.00,'Grab',0.00,NULL,NULL,NULL,NULL,0.00,0.00,NULL,NULL),(1903,NULL,'2024-08-12 17:10:25',61.00,'Grab',0.00,NULL,NULL,NULL,NULL,0.00,0.00,NULL,NULL),(1904,NULL,'2024-08-12 17:11:08',61.00,'Grab',0.00,NULL,NULL,NULL,NULL,0.00,0.00,NULL,NULL),(1905,NULL,NULL,NULL,NULL,NULL,NULL,NULL,NULL,NULL,NULL,NULL,NULL,NULL),(1906,NULL,'2024-08-12 17:11:17',61.00,'Grab',0.00,NULL,NULL,NULL,NULL,0.00,0.00,NULL,NULL),(1907,NULL,'2024-08-12 17:11:18',61.00,'Grab',0.00,NULL,NULL,NULL,NULL,0.00,0.00,NULL,NULL),(1908,NULL,'2024-08-12 17:11:59',61.00,'Grab',0.00,NULL,NULL,NULL,NULL,0.00,0.00,NULL,NULL),(1909,NULL,'2024-08-12 17:12:01',61.00,'Grab',0.00,NULL,NULL,NULL,NULL,0.00,0.00,NULL,NULL),(1910,NULL,'2024-08-12 17:12:03',61.00,'Grab',0.00,NULL,NULL,NULL,NULL,0.00,0.00,NULL,NULL),(1911,NULL,'2024-08-12 17:12:03',61.00,'Grab',0.00,NULL,NULL,NULL,NULL,0.00,0.00,NULL,NULL),(1912,NULL,'2024-08-12 17:12:04',61.00,'Grab',0.00,NULL,NULL,NULL,NULL,0.00,0.00,NULL,NULL),(1913,NULL,NULL,NULL,NULL,NULL,NULL,NULL,NULL,NULL,NULL,NULL,NULL,NULL),(1914,NULL,'2024-08-12 17:12:14',61.00,'TnG',0.00,NULL,NULL,NULL,NULL,0.00,0.00,NULL,NULL),(1915,NULL,NULL,NULL,NULL,NULL,NULL,NULL,NULL,NULL,NULL,NULL,NULL,NULL),(1916,NULL,'2024-08-12 17:12:55',61.00,'TnG',0.00,NULL,NULL,NULL,NULL,0.00,0.00,NULL,NULL),(1917,NULL,NULL,NULL,NULL,NULL,NULL,NULL,NULL,NULL,NULL,NULL,NULL,NULL),(1918,NULL,NULL,NULL,NULL,NULL,NULL,NULL,NULL,NULL,NULL,NULL,NULL,NULL),(1919,NULL,'2024-08-12 17:13:59',32.00,'TnG',0.00,NULL,NULL,NULL,NULL,0.00,0.00,NULL,NULL),(1920,NULL,'2024-08-12 17:14:14',22.00,'TnG',0.00,NULL,NULL,NULL,NULL,0.00,0.00,NULL,NULL),(1921,NULL,'2024-08-12 17:14:50',27.00,'TnG',0.00,NULL,NULL,NULL,NULL,0.00,0.00,NULL,NULL),(1922,NULL,NULL,NULL,NULL,NULL,NULL,NULL,NULL,NULL,NULL,NULL,NULL,NULL),(1923,NULL,'2024-08-12 17:15:06',44.00,'TnG',0.00,NULL,NULL,NULL,NULL,0.00,0.00,NULL,NULL),(1924,NULL,'2024-08-12 17:15:52',10.00,'TnG',0.00,NULL,NULL,NULL,NULL,0.00,0.00,NULL,NULL),(1925,NULL,'2024-08-12 17:16:09',5.00,'TnG',0.00,NULL,NULL,NULL,NULL,0.00,0.00,NULL,NULL),(1926,NULL,'2024-08-12 17:18:29',22.00,'Grab',0.00,NULL,NULL,NULL,NULL,0.00,0.00,NULL,NULL),(1927,NULL,'2024-08-12 17:19:47',22.00,'Grab',0.00,NULL,NULL,NULL,NULL,0.00,0.00,NULL,NULL),(1928,NULL,'2024-08-12 17:20:16',5.00,'TnG',0.00,NULL,NULL,NULL,NULL,0.00,0.00,NULL,NULL),(1929,NULL,NULL,NULL,NULL,NULL,NULL,NULL,NULL,NULL,NULL,NULL,NULL,NULL),(1930,NULL,NULL,NULL,NULL,NULL,NULL,NULL,NULL,NULL,NULL,NULL,NULL,NULL),(1931,NULL,'2024-08-12 17:20:31',22.00,'TnG',0.00,NULL,NULL,NULL,NULL,0.00,0.00,NULL,NULL),(1932,NULL,NULL,NULL,NULL,NULL,NULL,NULL,NULL,NULL,NULL,NULL,NULL,NULL),(1933,NULL,'2024-08-12 17:22:50',22.00,'TnG',0.00,NULL,NULL,NULL,NULL,0.00,0.00,NULL,NULL),(1934,NULL,NULL,NULL,NULL,NULL,NULL,NULL,NULL,NULL,NULL,NULL,NULL,NULL),(1935,NULL,'2024-08-12 17:23:16',22.00,'Grab',0.00,NULL,NULL,NULL,NULL,0.00,0.00,NULL,NULL),(1936,NULL,NULL,NULL,NULL,NULL,NULL,NULL,NULL,NULL,NULL,NULL,NULL,NULL),(1937,NULL,NULL,NULL,NULL,NULL,NULL,NULL,NULL,NULL,NULL,NULL,NULL,NULL),(1938,NULL,NULL,NULL,NULL,NULL,NULL,NULL,NULL,NULL,NULL,NULL,NULL,NULL),(1939,NULL,NULL,NULL,NULL,NULL,NULL,NULL,NULL,NULL,NULL,NULL,NULL,NULL),(1940,NULL,NULL,NULL,NULL,NULL,NULL,NULL,NULL,NULL,NULL,NULL,NULL,NULL),(1941,NULL,'2024-08-13 14:25:57',34.00,'TnG',0.00,NULL,NULL,NULL,NULL,0.00,0.00,NULL,NULL),(1942,NULL,NULL,NULL,NULL,NULL,NULL,NULL,NULL,NULL,NULL,NULL,NULL,NULL),(1943,NULL,NULL,NULL,NULL,NULL,NULL,NULL,NULL,NULL,NULL,NULL,NULL,NULL),(1944,NULL,'2024-08-13 14:27:16',34.00,'TnG',0.00,NULL,NULL,NULL,NULL,0.00,0.00,NULL,NULL),(1945,NULL,NULL,NULL,NULL,NULL,NULL,NULL,NULL,NULL,NULL,NULL,NULL,NULL),(1946,NULL,NULL,NULL,NULL,NULL,NULL,NULL,NULL,NULL,NULL,NULL,NULL,NULL),(1947,NULL,NULL,NULL,NULL,NULL,NULL,NULL,NULL,NULL,NULL,NULL,NULL,NULL),(1948,NULL,'2024-08-13 14:50:21',44.00,'TnG',0.00,NULL,NULL,NULL,NULL,0.00,0.00,NULL,NULL),(1949,NULL,NULL,NULL,NULL,NULL,NULL,NULL,NULL,NULL,NULL,NULL,NULL,NULL),(1950,NULL,'2024-08-13 14:52:46',66.00,'TnG',0.00,NULL,NULL,NULL,NULL,0.00,0.00,NULL,NULL),(1951,NULL,'2024-08-13 14:52:58',12.00,'TnG',0.00,NULL,NULL,NULL,NULL,0.00,0.00,NULL,NULL),(1952,NULL,'2024-08-13 14:53:07',22.00,'TnG',0.00,NULL,NULL,NULL,NULL,0.00,0.00,NULL,NULL),(1953,NULL,NULL,NULL,NULL,NULL,NULL,NULL,NULL,NULL,NULL,NULL,NULL,NULL),(1954,NULL,'2024-08-13 14:54:19',22.00,'TnG',0.00,NULL,NULL,NULL,NULL,0.00,0.00,NULL,NULL),(1955,NULL,'2024-08-13 14:54:20',22.00,'TnG',0.00,NULL,NULL,NULL,NULL,0.00,0.00,NULL,NULL),(1956,NULL,NULL,NULL,NULL,NULL,NULL,NULL,NULL,NULL,NULL,NULL,NULL,NULL),(1957,NULL,'2024-08-13 14:54:41',22.00,'Grab',0.00,NULL,NULL,NULL,NULL,0.00,0.00,NULL,NULL),(1958,NULL,'2024-08-13 14:54:42',22.00,'Grab',0.00,NULL,NULL,NULL,NULL,0.00,0.00,NULL,NULL),(1959,NULL,'2024-08-13 14:54:43',22.00,'Grab',0.00,NULL,NULL,NULL,NULL,0.00,0.00,NULL,NULL),(1960,NULL,NULL,NULL,NULL,NULL,NULL,NULL,NULL,NULL,NULL,NULL,NULL,NULL),(1961,NULL,'2024-08-13 14:57:07',22.00,'TnG',0.00,NULL,NULL,NULL,NULL,0.00,0.00,NULL,NULL),(1962,NULL,'2024-08-13 14:59:17',46.00,'Grab',0.00,NULL,NULL,NULL,NULL,0.00,0.00,NULL,NULL),(1963,NULL,NULL,NULL,NULL,NULL,NULL,NULL,NULL,NULL,NULL,NULL,NULL,NULL),(1964,NULL,'2024-08-13 15:00:37',44.00,'TnG',0.00,NULL,NULL,NULL,NULL,0.00,0.00,NULL,NULL),(1965,NULL,'2024-08-13 15:01:49',22.00,'TnG',0.00,NULL,NULL,NULL,NULL,0.00,0.00,NULL,NULL),(1966,NULL,NULL,NULL,NULL,NULL,NULL,NULL,NULL,NULL,NULL,NULL,NULL,NULL),(1967,NULL,NULL,NULL,NULL,NULL,NULL,NULL,NULL,NULL,NULL,NULL,NULL,NULL),(1968,NULL,'2024-08-13 15:21:03',39.00,'TnG',0.00,NULL,NULL,NULL,NULL,0.00,0.00,NULL,NULL),(1969,NULL,NULL,NULL,NULL,NULL,NULL,NULL,NULL,NULL,NULL,NULL,NULL,NULL),(1970,NULL,NULL,NULL,NULL,NULL,NULL,NULL,NULL,NULL,NULL,NULL,NULL,NULL),(1971,NULL,NULL,NULL,NULL,NULL,NULL,NULL,NULL,NULL,NULL,NULL,NULL,NULL),(1972,NULL,NULL,NULL,NULL,NULL,NULL,NULL,NULL,NULL,NULL,NULL,NULL,NULL),(1973,NULL,NULL,NULL,NULL,NULL,NULL,NULL,NULL,NULL,NULL,NULL,NULL,NULL),(1974,NULL,NULL,NULL,NULL,NULL,NULL,NULL,NULL,NULL,NULL,NULL,NULL,NULL),(1975,NULL,NULL,NULL,NULL,NULL,NULL,NULL,NULL,NULL,NULL,NULL,NULL,NULL),(1976,NULL,NULL,NULL,NULL,NULL,NULL,NULL,NULL,NULL,NULL,NULL,NULL,NULL),(1977,NULL,NULL,NULL,NULL,NULL,NULL,NULL,NULL,NULL,NULL,NULL,NULL,NULL),(1978,NULL,NULL,NULL,NULL,NULL,NULL,NULL,NULL,NULL,NULL,NULL,NULL,NULL),(1979,NULL,NULL,NULL,NULL,NULL,NULL,NULL,NULL,NULL,NULL,NULL,NULL,NULL),(1980,NULL,NULL,NULL,NULL,NULL,NULL,NULL,NULL,NULL,NULL,NULL,NULL,NULL),(1981,NULL,NULL,NULL,NULL,NULL,NULL,NULL,NULL,NULL,NULL,NULL,NULL,NULL),(1982,NULL,NULL,NULL,NULL,NULL,NULL,NULL,NULL,NULL,NULL,NULL,NULL,NULL),(1983,NULL,NULL,NULL,NULL,NULL,NULL,NULL,NULL,NULL,NULL,NULL,NULL,NULL),(1984,NULL,NULL,NULL,NULL,NULL,NULL,NULL,NULL,NULL,NULL,NULL,NULL,NULL),(1985,NULL,NULL,NULL,NULL,NULL,NULL,NULL,NULL,NULL,NULL,NULL,NULL,NULL),(1986,NULL,NULL,NULL,NULL,NULL,NULL,NULL,NULL,NULL,NULL,NULL,NULL,NULL),(1987,NULL,NULL,NULL,NULL,NULL,NULL,NULL,NULL,NULL,NULL,NULL,NULL,NULL),(1988,NULL,NULL,NULL,NULL,NULL,NULL,NULL,NULL,NULL,NULL,NULL,NULL,NULL),(1989,NULL,NULL,NULL,NULL,NULL,NULL,NULL,NULL,NULL,NULL,NULL,NULL,NULL),(1990,NULL,NULL,NULL,NULL,NULL,NULL,NULL,NULL,NULL,NULL,NULL,NULL,NULL),(1991,NULL,NULL,NULL,NULL,NULL,NULL,NULL,NULL,NULL,NULL,NULL,NULL,NULL),(1992,NULL,NULL,NULL,NULL,NULL,NULL,NULL,NULL,NULL,NULL,NULL,NULL,NULL),(1993,NULL,NULL,NULL,NULL,NULL,NULL,NULL,NULL,NULL,NULL,NULL,NULL,NULL),(1994,NULL,NULL,NULL,NULL,NULL,NULL,NULL,NULL,NULL,NULL,NULL,NULL,NULL),(1995,NULL,NULL,NULL,NULL,NULL,NULL,NULL,NULL,NULL,NULL,NULL,NULL,NULL),(1996,NULL,NULL,NULL,NULL,NULL,NULL,NULL,NULL,NULL,NULL,NULL,NULL,NULL),(1997,NULL,NULL,NULL,NULL,NULL,NULL,NULL,NULL,NULL,NULL,NULL,NULL,NULL),(1998,NULL,NULL,NULL,NULL,NULL,NULL,NULL,NULL,NULL,NULL,NULL,NULL,NULL),(1999,NULL,NULL,NULL,NULL,NULL,NULL,NULL,NULL,NULL,NULL,NULL,NULL,NULL),(2000,NULL,NULL,NULL,NULL,NULL,NULL,NULL,NULL,NULL,NULL,NULL,NULL,NULL),(2001,NULL,NULL,NULL,NULL,NULL,NULL,NULL,NULL,NULL,NULL,NULL,NULL,NULL),(2002,NULL,NULL,NULL,NULL,NULL,NULL,NULL,NULL,NULL,NULL,NULL,NULL,NULL),(2003,NULL,NULL,NULL,NULL,NULL,NULL,NULL,NULL,NULL,NULL,NULL,NULL,NULL),(2004,NULL,NULL,NULL,NULL,NULL,NULL,NULL,NULL,NULL,NULL,NULL,NULL,NULL),(2005,NULL,NULL,NULL,NULL,NULL,NULL,NULL,NULL,NULL,NULL,NULL,NULL,NULL),(2006,NULL,NULL,NULL,NULL,NULL,NULL,NULL,NULL,NULL,NULL,NULL,NULL,NULL),(2007,NULL,NULL,NULL,NULL,NULL,NULL,NULL,NULL,NULL,NULL,NULL,NULL,NULL),(2008,NULL,NULL,NULL,NULL,NULL,NULL,NULL,NULL,NULL,NULL,NULL,NULL,NULL),(2009,NULL,NULL,NULL,NULL,NULL,NULL,NULL,NULL,NULL,NULL,NULL,NULL,NULL),(2010,NULL,NULL,NULL,NULL,NULL,NULL,NULL,NULL,NULL,NULL,NULL,NULL,NULL),(2011,NULL,NULL,NULL,NULL,NULL,NULL,NULL,NULL,NULL,NULL,NULL,NULL,NULL),(2012,NULL,NULL,NULL,NULL,NULL,NULL,NULL,NULL,NULL,NULL,NULL,NULL,NULL),(2013,NULL,NULL,NULL,NULL,NULL,NULL,NULL,NULL,NULL,NULL,NULL,NULL,NULL),(2014,NULL,NULL,NULL,NULL,NULL,NULL,NULL,NULL,NULL,NULL,NULL,NULL,NULL),(2015,NULL,NULL,NULL,NULL,NULL,NULL,NULL,NULL,NULL,NULL,NULL,NULL,NULL),(2016,NULL,NULL,NULL,NULL,NULL,NULL,NULL,NULL,NULL,NULL,NULL,NULL,NULL),(2017,NULL,NULL,NULL,NULL,NULL,NULL,NULL,NULL,NULL,NULL,NULL,NULL,NULL),(2018,NULL,NULL,NULL,NULL,NULL,NULL,NULL,NULL,NULL,NULL,NULL,NULL,NULL),(2019,NULL,NULL,NULL,NULL,NULL,NULL,NULL,NULL,NULL,NULL,NULL,NULL,NULL),(2020,NULL,NULL,NULL,NULL,NULL,NULL,NULL,NULL,NULL,NULL,NULL,NULL,NULL),(2021,NULL,NULL,NULL,NULL,NULL,NULL,NULL,NULL,NULL,NULL,NULL,NULL,NULL),(2022,NULL,NULL,NULL,NULL,NULL,NULL,NULL,NULL,NULL,NULL,NULL,NULL,NULL),(2023,NULL,NULL,NULL,NULL,NULL,NULL,NULL,NULL,NULL,NULL,NULL,NULL,NULL),(2024,NULL,NULL,NULL,NULL,NULL,NULL,NULL,NULL,NULL,NULL,NULL,NULL,NULL),(2025,NULL,NULL,NULL,NULL,NULL,NULL,NULL,NULL,NULL,NULL,NULL,NULL,NULL),(2026,NULL,NULL,NULL,NULL,NULL,NULL,NULL,NULL,NULL,NULL,NULL,NULL,NULL),(2027,NULL,NULL,NULL,NULL,NULL,NULL,NULL,NULL,NULL,NULL,NULL,NULL,NULL),(2028,NULL,NULL,NULL,NULL,NULL,NULL,NULL,NULL,NULL,NULL,NULL,NULL,NULL),(2029,NULL,NULL,NULL,NULL,NULL,NULL,NULL,NULL,NULL,NULL,NULL,NULL,NULL),(2030,NULL,NULL,NULL,NULL,NULL,NULL,NULL,NULL,NULL,NULL,NULL,NULL,NULL),(2031,NULL,NULL,NULL,NULL,NULL,NULL,NULL,NULL,NULL,NULL,NULL,NULL,NULL),(2032,NULL,NULL,NULL,NULL,NULL,NULL,NULL,NULL,NULL,NULL,NULL,NULL,NULL),(2033,NULL,NULL,NULL,NULL,NULL,NULL,NULL,NULL,NULL,NULL,NULL,NULL,NULL),(2034,NULL,NULL,NULL,NULL,NULL,NULL,NULL,NULL,NULL,NULL,NULL,NULL,NULL),(2035,NULL,NULL,NULL,NULL,NULL,NULL,NULL,NULL,NULL,NULL,NULL,NULL,NULL),(2036,NULL,NULL,NULL,NULL,NULL,NULL,NULL,NULL,NULL,NULL,NULL,NULL,NULL),(2037,NULL,NULL,NULL,NULL,NULL,NULL,NULL,NULL,NULL,NULL,NULL,NULL,NULL),(2038,NULL,NULL,NULL,NULL,NULL,NULL,NULL,NULL,NULL,NULL,NULL,NULL,NULL),(2039,NULL,NULL,NULL,NULL,NULL,NULL,NULL,NULL,NULL,NULL,NULL,NULL,NULL),(2040,NULL,NULL,NULL,NULL,NULL,NULL,NULL,NULL,NULL,NULL,NULL,NULL,NULL),(2041,NULL,NULL,NULL,NULL,NULL,NULL,NULL,NULL,NULL,NULL,NULL,NULL,NULL),(2042,NULL,NULL,NULL,NULL,NULL,NULL,NULL,NULL,NULL,NULL,NULL,NULL,NULL),(2043,NULL,NULL,NULL,NULL,NULL,NULL,NULL,NULL,NULL,NULL,NULL,NULL,NULL),(2044,NULL,NULL,NULL,NULL,NULL,NULL,NULL,NULL,NULL,NULL,NULL,NULL,NULL),(2045,NULL,NULL,NULL,NULL,NULL,NULL,NULL,NULL,NULL,NULL,NULL,NULL,NULL),(2046,NULL,NULL,NULL,NULL,NULL,NULL,NULL,NULL,NULL,NULL,NULL,NULL,NULL),(2047,NULL,NULL,NULL,NULL,NULL,NULL,NULL,NULL,NULL,NULL,NULL,NULL,NULL),(2048,NULL,NULL,NULL,NULL,NULL,NULL,NULL,NULL,NULL,NULL,NULL,NULL,NULL),(2049,NULL,NULL,NULL,NULL,NULL,NULL,NULL,NULL,NULL,NULL,NULL,NULL,NULL),(2050,NULL,NULL,NULL,NULL,NULL,NULL,NULL,NULL,NULL,NULL,NULL,NULL,NULL),(2051,NULL,NULL,NULL,NULL,NULL,NULL,NULL,NULL,NULL,NULL,NULL,NULL,NULL),(2052,NULL,NULL,NULL,NULL,NULL,NULL,NULL,NULL,NULL,NULL,NULL,NULL,NULL),(2053,NULL,'2024-08-14 15:52:30',10.00,'Cash',0.00,NULL,NULL,NULL,NULL,10.00,0.00,NULL,NULL),(2054,NULL,NULL,NULL,NULL,NULL,NULL,NULL,NULL,NULL,NULL,NULL,NULL,NULL),(2055,NULL,NULL,NULL,NULL,NULL,NULL,NULL,NULL,NULL,NULL,NULL,NULL,NULL),(2056,NULL,NULL,NULL,NULL,NULL,NULL,NULL,NULL,NULL,NULL,NULL,NULL,NULL),(2057,NULL,NULL,NULL,NULL,NULL,NULL,NULL,NULL,NULL,NULL,NULL,NULL,NULL),(2058,NULL,NULL,NULL,NULL,NULL,NULL,NULL,NULL,NULL,NULL,NULL,NULL,NULL),(2059,NULL,NULL,NULL,NULL,NULL,NULL,NULL,NULL,NULL,NULL,NULL,NULL,NULL),(2060,NULL,NULL,NULL,NULL,NULL,NULL,NULL,NULL,NULL,NULL,NULL,NULL,NULL),(2061,NULL,NULL,NULL,NULL,NULL,NULL,NULL,NULL,NULL,NULL,NULL,NULL,NULL),(2062,NULL,NULL,NULL,NULL,NULL,NULL,NULL,NULL,NULL,NULL,NULL,NULL,NULL),(2063,NULL,NULL,NULL,NULL,NULL,NULL,NULL,NULL,NULL,NULL,NULL,NULL,NULL),(2064,NULL,NULL,NULL,NULL,NULL,NULL,NULL,NULL,NULL,NULL,NULL,NULL,NULL),(2065,NULL,NULL,NULL,NULL,NULL,NULL,NULL,NULL,NULL,NULL,NULL,NULL,NULL),(2066,NULL,NULL,NULL,NULL,NULL,NULL,NULL,NULL,NULL,NULL,NULL,NULL,NULL),(2067,NULL,NULL,NULL,NULL,NULL,NULL,NULL,NULL,NULL,NULL,NULL,NULL,NULL),(2068,NULL,NULL,NULL,NULL,NULL,NULL,NULL,NULL,NULL,NULL,NULL,NULL,NULL),(2069,NULL,NULL,NULL,NULL,NULL,NULL,NULL,NULL,NULL,NULL,NULL,NULL,NULL),(2070,NULL,NULL,NULL,NULL,NULL,NULL,NULL,NULL,NULL,NULL,NULL,NULL,NULL),(2071,NULL,NULL,NULL,NULL,NULL,NULL,NULL,NULL,NULL,NULL,NULL,NULL,NULL),(2072,NULL,NULL,NULL,NULL,NULL,NULL,NULL,NULL,NULL,NULL,NULL,NULL,NULL),(2073,NULL,NULL,NULL,NULL,NULL,NULL,NULL,NULL,NULL,NULL,NULL,NULL,NULL),(2074,NULL,NULL,NULL,NULL,NULL,NULL,NULL,NULL,NULL,NULL,NULL,NULL,NULL),(2075,NULL,NULL,NULL,NULL,NULL,NULL,NULL,NULL,NULL,NULL,NULL,NULL,NULL),(2076,NULL,NULL,NULL,NULL,NULL,NULL,NULL,NULL,NULL,NULL,NULL,NULL,NULL),(2077,NULL,NULL,NULL,NULL,NULL,NULL,NULL,NULL,NULL,NULL,NULL,NULL,NULL),(2078,NULL,NULL,NULL,NULL,NULL,NULL,NULL,NULL,NULL,NULL,NULL,NULL,NULL),(2079,NULL,NULL,NULL,NULL,NULL,NULL,NULL,NULL,NULL,NULL,NULL,NULL,NULL),(2080,NULL,NULL,NULL,NULL,NULL,NULL,NULL,NULL,NULL,NULL,NULL,NULL,NULL),(2081,NULL,NULL,NULL,NULL,NULL,NULL,NULL,NULL,NULL,NULL,NULL,NULL,NULL),(2082,NULL,NULL,NULL,NULL,NULL,NULL,NULL,NULL,NULL,NULL,NULL,NULL,NULL),(2083,NULL,NULL,NULL,NULL,NULL,NULL,NULL,NULL,NULL,NULL,NULL,NULL,NULL),(2084,NULL,NULL,NULL,NULL,NULL,NULL,NULL,NULL,NULL,NULL,NULL,NULL,NULL),(2085,NULL,NULL,NULL,NULL,NULL,NULL,NULL,NULL,NULL,NULL,NULL,NULL,NULL),(2086,NULL,NULL,NULL,NULL,NULL,NULL,NULL,NULL,NULL,NULL,NULL,NULL,NULL),(2087,NULL,NULL,NULL,NULL,NULL,NULL,NULL,NULL,NULL,NULL,NULL,NULL,NULL),(2088,NULL,NULL,NULL,NULL,NULL,NULL,NULL,NULL,NULL,NULL,NULL,NULL,NULL),(2089,NULL,NULL,NULL,NULL,NULL,NULL,NULL,NULL,NULL,NULL,NULL,NULL,NULL),(2090,NULL,NULL,NULL,NULL,NULL,NULL,NULL,NULL,NULL,NULL,NULL,NULL,NULL),(2091,NULL,NULL,NULL,NULL,NULL,NULL,NULL,NULL,NULL,NULL,NULL,NULL,NULL),(2092,NULL,NULL,NULL,NULL,NULL,NULL,NULL,NULL,NULL,NULL,NULL,NULL,NULL),(2093,NULL,NULL,NULL,NULL,NULL,NULL,NULL,NULL,NULL,NULL,NULL,NULL,NULL),(2094,NULL,NULL,NULL,NULL,NULL,NULL,NULL,NULL,NULL,NULL,NULL,NULL,NULL),(2095,NULL,NULL,NULL,NULL,NULL,NULL,NULL,NULL,NULL,NULL,NULL,NULL,NULL),(2096,NULL,NULL,NULL,NULL,NULL,NULL,NULL,NULL,NULL,NULL,NULL,NULL,NULL),(2097,NULL,NULL,NULL,NULL,NULL,NULL,NULL,NULL,NULL,NULL,NULL,NULL,NULL),(2098,NULL,NULL,NULL,NULL,NULL,NULL,NULL,NULL,NULL,NULL,NULL,NULL,NULL),(2099,NULL,NULL,NULL,NULL,NULL,NULL,NULL,NULL,NULL,NULL,NULL,NULL,NULL),(2100,NULL,NULL,NULL,NULL,NULL,NULL,NULL,NULL,NULL,NULL,NULL,NULL,NULL),(2101,NULL,NULL,NULL,NULL,NULL,NULL,NULL,NULL,NULL,NULL,NULL,NULL,NULL),(2102,NULL,NULL,NULL,NULL,NULL,NULL,NULL,NULL,NULL,NULL,NULL,NULL,NULL),(2103,NULL,NULL,NULL,NULL,NULL,NULL,NULL,NULL,NULL,NULL,NULL,NULL,NULL),(2104,NULL,NULL,NULL,NULL,NULL,NULL,NULL,NULL,NULL,NULL,NULL,NULL,NULL),(2105,NULL,NULL,NULL,NULL,NULL,NULL,NULL,NULL,NULL,NULL,NULL,NULL,NULL),(2106,NULL,NULL,NULL,NULL,NULL,NULL,NULL,NULL,NULL,NULL,NULL,NULL,NULL),(2107,NULL,NULL,NULL,NULL,NULL,NULL,NULL,NULL,NULL,NULL,NULL,NULL,NULL),(2108,NULL,NULL,NULL,NULL,NULL,NULL,NULL,NULL,NULL,NULL,NULL,NULL,NULL),(2109,NULL,NULL,NULL,NULL,NULL,NULL,NULL,NULL,NULL,NULL,NULL,NULL,NULL),(2110,NULL,NULL,NULL,NULL,NULL,NULL,NULL,NULL,NULL,NULL,NULL,NULL,NULL),(2111,NULL,NULL,NULL,NULL,NULL,NULL,NULL,NULL,NULL,NULL,NULL,NULL,NULL),(2112,NULL,NULL,NULL,NULL,NULL,NULL,NULL,NULL,NULL,NULL,NULL,NULL,NULL),(2113,NULL,NULL,NULL,NULL,NULL,NULL,NULL,NULL,NULL,NULL,NULL,NULL,NULL),(2114,NULL,NULL,NULL,NULL,NULL,NULL,NULL,NULL,NULL,NULL,NULL,NULL,NULL),(2115,NULL,NULL,NULL,NULL,NULL,NULL,NULL,NULL,NULL,NULL,NULL,NULL,NULL),(2116,NULL,NULL,NULL,NULL,NULL,NULL,NULL,NULL,NULL,NULL,NULL,NULL,NULL),(2117,NULL,NULL,NULL,NULL,NULL,NULL,NULL,NULL,NULL,NULL,NULL,NULL,NULL),(2118,NULL,NULL,NULL,NULL,NULL,NULL,NULL,NULL,NULL,NULL,NULL,NULL,NULL),(2119,NULL,NULL,NULL,NULL,NULL,NULL,NULL,NULL,NULL,NULL,NULL,NULL,NULL),(2120,NULL,NULL,NULL,NULL,NULL,NULL,NULL,NULL,NULL,NULL,NULL,NULL,NULL),(2121,NULL,NULL,NULL,NULL,NULL,NULL,NULL,NULL,NULL,NULL,NULL,NULL,NULL),(2122,NULL,NULL,NULL,NULL,NULL,NULL,NULL,NULL,NULL,NULL,NULL,NULL,NULL),(2123,NULL,NULL,NULL,NULL,NULL,NULL,NULL,NULL,NULL,NULL,NULL,NULL,NULL),(2124,NULL,NULL,NULL,NULL,NULL,NULL,NULL,NULL,NULL,NULL,NULL,NULL,NULL),(2125,NULL,NULL,NULL,NULL,NULL,NULL,NULL,NULL,NULL,NULL,NULL,NULL,NULL),(2126,NULL,NULL,NULL,NULL,NULL,NULL,NULL,NULL,NULL,NULL,NULL,NULL,NULL),(2127,NULL,NULL,NULL,NULL,NULL,NULL,NULL,NULL,NULL,NULL,NULL,NULL,NULL),(2128,NULL,NULL,NULL,NULL,NULL,NULL,NULL,NULL,NULL,NULL,NULL,NULL,NULL),(2129,NULL,NULL,NULL,NULL,NULL,NULL,NULL,NULL,NULL,NULL,NULL,NULL,NULL),(2130,NULL,NULL,NULL,NULL,NULL,NULL,NULL,NULL,NULL,NULL,NULL,NULL,NULL),(2131,NULL,NULL,NULL,NULL,NULL,NULL,NULL,NULL,NULL,NULL,NULL,NULL,NULL),(2132,NULL,NULL,NULL,NULL,NULL,NULL,NULL,NULL,NULL,NULL,NULL,NULL,NULL),(2133,NULL,NULL,NULL,NULL,NULL,NULL,NULL,NULL,NULL,NULL,NULL,NULL,NULL),(2134,NULL,NULL,NULL,NULL,NULL,NULL,NULL,NULL,NULL,NULL,NULL,NULL,NULL),(2135,NULL,NULL,NULL,NULL,NULL,NULL,NULL,NULL,NULL,NULL,NULL,NULL,NULL),(2136,NULL,NULL,NULL,NULL,NULL,NULL,NULL,NULL,NULL,NULL,NULL,NULL,NULL),(2137,NULL,NULL,NULL,NULL,NULL,NULL,NULL,NULL,NULL,NULL,NULL,NULL,NULL),(2138,NULL,NULL,NULL,NULL,NULL,NULL,NULL,NULL,NULL,NULL,NULL,NULL,NULL),(2139,NULL,NULL,NULL,NULL,NULL,NULL,NULL,NULL,NULL,NULL,NULL,NULL,NULL),(2140,NULL,NULL,NULL,NULL,NULL,NULL,NULL,NULL,NULL,NULL,NULL,NULL,NULL),(2141,NULL,NULL,NULL,NULL,NULL,NULL,NULL,NULL,NULL,NULL,NULL,NULL,NULL),(2142,NULL,NULL,NULL,NULL,NULL,NULL,NULL,NULL,NULL,NULL,NULL,NULL,NULL),(2143,NULL,NULL,NULL,NULL,NULL,NULL,NULL,NULL,NULL,NULL,NULL,NULL,NULL),(2144,NULL,NULL,NULL,NULL,NULL,NULL,NULL,NULL,NULL,NULL,NULL,NULL,NULL),(2145,NULL,NULL,NULL,NULL,NULL,NULL,NULL,NULL,NULL,NULL,NULL,NULL,NULL),(2146,NULL,NULL,NULL,NULL,NULL,NULL,NULL,NULL,NULL,NULL,NULL,NULL,NULL),(2147,NULL,NULL,NULL,NULL,NULL,NULL,NULL,NULL,NULL,NULL,NULL,NULL,NULL),(2148,NULL,NULL,NULL,NULL,NULL,NULL,NULL,NULL,NULL,NULL,NULL,NULL,NULL),(2149,NULL,NULL,NULL,NULL,NULL,NULL,NULL,NULL,NULL,NULL,NULL,NULL,NULL),(2150,NULL,NULL,NULL,NULL,NULL,NULL,NULL,NULL,NULL,NULL,NULL,NULL,NULL),(2151,NULL,NULL,NULL,NULL,NULL,NULL,NULL,NULL,NULL,NULL,NULL,NULL,NULL),(2152,NULL,NULL,NULL,NULL,NULL,NULL,NULL,NULL,NULL,NULL,NULL,NULL,NULL),(2153,NULL,NULL,NULL,NULL,NULL,NULL,NULL,NULL,NULL,NULL,NULL,NULL,NULL),(2154,NULL,NULL,NULL,NULL,NULL,NULL,NULL,NULL,NULL,NULL,NULL,NULL,NULL),(2155,NULL,NULL,NULL,NULL,NULL,NULL,NULL,NULL,NULL,NULL,NULL,NULL,NULL),(2156,NULL,NULL,NULL,NULL,NULL,NULL,NULL,NULL,NULL,NULL,NULL,NULL,NULL),(2157,NULL,NULL,NULL,NULL,NULL,NULL,NULL,NULL,NULL,NULL,NULL,NULL,NULL),(2158,NULL,NULL,NULL,NULL,NULL,NULL,NULL,NULL,NULL,NULL,NULL,NULL,NULL),(2159,NULL,NULL,NULL,NULL,NULL,NULL,NULL,NULL,NULL,NULL,NULL,NULL,NULL),(2160,NULL,NULL,NULL,NULL,NULL,NULL,NULL,NULL,NULL,NULL,NULL,NULL,NULL),(2161,NULL,NULL,NULL,NULL,NULL,NULL,NULL,NULL,NULL,NULL,NULL,NULL,NULL),(2162,NULL,NULL,NULL,NULL,NULL,NULL,NULL,NULL,NULL,NULL,NULL,NULL,NULL),(2163,NULL,NULL,NULL,NULL,NULL,NULL,NULL,NULL,NULL,NULL,NULL,NULL,NULL),(2164,NULL,NULL,NULL,NULL,NULL,NULL,NULL,NULL,NULL,NULL,NULL,NULL,NULL),(2165,NULL,NULL,NULL,NULL,NULL,NULL,NULL,NULL,NULL,NULL,NULL,NULL,NULL),(2166,NULL,NULL,NULL,NULL,NULL,NULL,NULL,NULL,NULL,NULL,NULL,NULL,NULL),(2167,NULL,NULL,NULL,NULL,NULL,NULL,NULL,NULL,NULL,NULL,NULL,NULL,NULL),(2168,NULL,NULL,NULL,NULL,NULL,NULL,NULL,NULL,NULL,NULL,NULL,NULL,NULL),(2169,NULL,NULL,NULL,NULL,NULL,NULL,NULL,NULL,NULL,NULL,NULL,NULL,NULL),(2170,NULL,NULL,NULL,NULL,NULL,NULL,NULL,NULL,NULL,NULL,NULL,NULL,NULL),(2171,NULL,NULL,NULL,NULL,NULL,NULL,NULL,NULL,NULL,NULL,NULL,NULL,NULL),(2172,NULL,NULL,NULL,NULL,NULL,NULL,NULL,NULL,NULL,NULL,NULL,NULL,NULL),(2173,NULL,NULL,NULL,NULL,NULL,NULL,NULL,NULL,NULL,NULL,NULL,NULL,NULL),(2174,NULL,NULL,NULL,NULL,NULL,NULL,NULL,NULL,NULL,NULL,NULL,NULL,NULL),(2175,NULL,NULL,NULL,NULL,NULL,NULL,NULL,NULL,NULL,NULL,NULL,NULL,NULL),(2176,NULL,NULL,NULL,NULL,NULL,NULL,NULL,NULL,NULL,NULL,NULL,NULL,NULL),(2177,NULL,NULL,NULL,NULL,NULL,NULL,NULL,NULL,NULL,NULL,NULL,NULL,NULL),(2178,NULL,NULL,NULL,NULL,NULL,NULL,NULL,NULL,NULL,NULL,NULL,NULL,NULL),(2179,NULL,NULL,NULL,NULL,NULL,NULL,NULL,NULL,NULL,NULL,NULL,NULL,NULL),(2180,NULL,'2024-08-15 10:42:33',7.00,'TnG',5.00,NULL,NULL,NULL,NULL,0.00,0.00,NULL,NULL),(2181,NULL,NULL,NULL,NULL,NULL,NULL,NULL,NULL,NULL,NULL,NULL,NULL,NULL),(2182,NULL,NULL,NULL,NULL,NULL,NULL,NULL,NULL,NULL,NULL,NULL,NULL,NULL),(2183,NULL,NULL,NULL,NULL,NULL,NULL,NULL,NULL,NULL,NULL,NULL,NULL,NULL),(2184,NULL,NULL,NULL,NULL,NULL,NULL,NULL,NULL,NULL,NULL,NULL,NULL,NULL),(2185,NULL,NULL,NULL,NULL,NULL,NULL,NULL,NULL,NULL,NULL,NULL,NULL,NULL),(2186,NULL,NULL,NULL,NULL,NULL,NULL,NULL,NULL,NULL,NULL,NULL,NULL,NULL),(2187,NULL,NULL,NULL,NULL,NULL,NULL,NULL,NULL,NULL,NULL,NULL,NULL,NULL),(2188,NULL,NULL,NULL,NULL,NULL,NULL,NULL,NULL,NULL,NULL,NULL,NULL,NULL),(2189,NULL,'2024-08-15 10:44:56',65.00,'Grab',5.00,NULL,NULL,NULL,NULL,0.00,0.00,NULL,NULL),(2190,NULL,NULL,NULL,NULL,NULL,NULL,NULL,NULL,NULL,NULL,NULL,NULL,NULL),(2191,NULL,NULL,NULL,NULL,NULL,NULL,NULL,NULL,NULL,NULL,NULL,NULL,NULL),(2192,NULL,NULL,NULL,NULL,NULL,NULL,NULL,NULL,NULL,NULL,NULL,NULL,NULL),(2193,NULL,'2024-08-15 10:45:26',11.40,'TnG',5.00,NULL,NULL,NULL,NULL,0.00,0.00,NULL,NULL),(2194,NULL,NULL,NULL,NULL,NULL,NULL,NULL,NULL,NULL,NULL,NULL,NULL,NULL),(2195,NULL,NULL,NULL,NULL,NULL,NULL,NULL,NULL,NULL,NULL,NULL,NULL,NULL),(2196,NULL,NULL,NULL,NULL,NULL,NULL,NULL,NULL,NULL,NULL,NULL,NULL,NULL),(2197,NULL,NULL,NULL,NULL,NULL,NULL,NULL,NULL,NULL,NULL,NULL,NULL,NULL),(2198,NULL,NULL,NULL,NULL,NULL,NULL,NULL,NULL,NULL,NULL,NULL,NULL,NULL),(2199,NULL,'2024-08-15 10:49:19',6.00,'Grab',6.00,NULL,NULL,NULL,NULL,0.00,0.00,NULL,NULL),(2200,NULL,NULL,NULL,NULL,NULL,NULL,NULL,NULL,NULL,NULL,NULL,NULL,NULL),(2201,NULL,NULL,NULL,NULL,NULL,NULL,NULL,NULL,NULL,NULL,NULL,NULL,NULL),(2202,NULL,NULL,NULL,NULL,NULL,NULL,NULL,NULL,NULL,NULL,NULL,NULL,NULL),(2203,NULL,NULL,NULL,NULL,NULL,NULL,NULL,NULL,NULL,NULL,NULL,NULL,NULL),(2204,NULL,NULL,NULL,NULL,NULL,NULL,NULL,NULL,NULL,NULL,NULL,NULL,NULL),(2205,NULL,NULL,NULL,NULL,NULL,NULL,NULL,NULL,NULL,NULL,NULL,NULL,NULL),(2206,NULL,NULL,NULL,NULL,NULL,NULL,NULL,NULL,NULL,NULL,NULL,NULL,NULL),(2207,NULL,NULL,NULL,NULL,NULL,NULL,NULL,NULL,NULL,NULL,NULL,NULL,NULL),(2208,NULL,NULL,NULL,NULL,NULL,NULL,NULL,NULL,NULL,NULL,NULL,NULL,NULL),(2209,NULL,NULL,NULL,NULL,NULL,NULL,NULL,NULL,NULL,NULL,NULL,NULL,NULL),(2210,NULL,NULL,NULL,NULL,NULL,NULL,NULL,NULL,NULL,NULL,NULL,NULL,NULL),(2211,NULL,NULL,NULL,NULL,NULL,NULL,NULL,NULL,NULL,NULL,NULL,NULL,NULL),(2212,NULL,NULL,NULL,NULL,NULL,NULL,NULL,NULL,NULL,NULL,NULL,NULL,NULL),(2213,NULL,NULL,NULL,NULL,NULL,NULL,NULL,NULL,NULL,NULL,NULL,NULL,NULL),(2214,NULL,NULL,NULL,NULL,NULL,NULL,NULL,NULL,NULL,NULL,NULL,NULL,NULL),(2215,NULL,NULL,NULL,NULL,NULL,NULL,NULL,NULL,NULL,NULL,NULL,NULL,NULL),(2216,NULL,NULL,NULL,NULL,NULL,NULL,NULL,NULL,NULL,NULL,NULL,NULL,NULL),(2217,NULL,NULL,NULL,NULL,NULL,NULL,NULL,NULL,NULL,NULL,NULL,NULL,NULL),(2218,NULL,NULL,NULL,NULL,NULL,NULL,NULL,NULL,NULL,NULL,NULL,NULL,NULL),(2219,NULL,NULL,NULL,NULL,NULL,NULL,NULL,NULL,NULL,NULL,NULL,NULL,NULL),(2220,NULL,'2024-08-15 10:54:50',12.00,'TnG',0.00,NULL,NULL,NULL,NULL,0.00,0.00,NULL,NULL),(2221,NULL,NULL,NULL,NULL,NULL,NULL,NULL,NULL,NULL,NULL,NULL,NULL,NULL),(2222,NULL,NULL,NULL,NULL,NULL,NULL,NULL,NULL,NULL,NULL,NULL,NULL,NULL),(2223,NULL,NULL,NULL,NULL,NULL,NULL,NULL,NULL,NULL,NULL,NULL,NULL,NULL),(2224,NULL,NULL,NULL,NULL,NULL,NULL,NULL,NULL,NULL,NULL,NULL,NULL,NULL),(2225,NULL,NULL,NULL,NULL,NULL,NULL,NULL,NULL,NULL,NULL,NULL,NULL,NULL),(2226,NULL,NULL,NULL,NULL,NULL,NULL,NULL,NULL,NULL,NULL,NULL,NULL,NULL),(2227,NULL,NULL,NULL,NULL,NULL,NULL,NULL,NULL,NULL,NULL,NULL,NULL,NULL),(2228,NULL,NULL,NULL,NULL,NULL,NULL,NULL,NULL,NULL,NULL,NULL,NULL,NULL),(2229,NULL,NULL,NULL,NULL,NULL,NULL,NULL,NULL,NULL,NULL,NULL,NULL,NULL),(2230,NULL,'2024-08-15 11:02:38',22.00,'TnG',0.00,NULL,NULL,NULL,NULL,0.00,0.00,NULL,NULL),(2231,NULL,NULL,NULL,NULL,NULL,NULL,NULL,NULL,NULL,NULL,NULL,NULL,NULL),(2232,NULL,'2024-08-15 11:03:19',22.00,'TnG',0.00,NULL,NULL,NULL,NULL,0.00,0.00,NULL,NULL),(2233,NULL,NULL,NULL,NULL,NULL,NULL,NULL,NULL,NULL,NULL,NULL,NULL,NULL),(2234,NULL,NULL,NULL,NULL,NULL,NULL,NULL,NULL,NULL,NULL,NULL,NULL,NULL),(2235,NULL,NULL,NULL,NULL,NULL,NULL,NULL,NULL,NULL,NULL,NULL,NULL,NULL),(2236,NULL,NULL,NULL,NULL,NULL,NULL,NULL,NULL,NULL,NULL,NULL,NULL,NULL),(2237,NULL,NULL,NULL,NULL,NULL,NULL,NULL,NULL,NULL,NULL,NULL,NULL,NULL),(2238,NULL,NULL,NULL,NULL,NULL,NULL,NULL,NULL,NULL,NULL,NULL,NULL,NULL),(2239,NULL,NULL,NULL,NULL,NULL,NULL,NULL,NULL,NULL,NULL,NULL,NULL,NULL),(2240,NULL,NULL,NULL,NULL,NULL,NULL,NULL,NULL,NULL,NULL,NULL,NULL,NULL),(2241,NULL,NULL,NULL,NULL,NULL,NULL,NULL,NULL,NULL,NULL,NULL,NULL,NULL),(2242,NULL,NULL,NULL,NULL,NULL,NULL,NULL,NULL,NULL,NULL,NULL,NULL,NULL),(2243,NULL,NULL,NULL,NULL,NULL,NULL,NULL,NULL,NULL,NULL,NULL,NULL,NULL),(2244,NULL,NULL,NULL,NULL,NULL,NULL,NULL,NULL,NULL,NULL,NULL,NULL,NULL),(2245,NULL,NULL,NULL,NULL,NULL,NULL,NULL,NULL,NULL,NULL,NULL,NULL,NULL),(2246,NULL,NULL,NULL,NULL,NULL,NULL,NULL,NULL,NULL,NULL,NULL,NULL,NULL),(2247,NULL,NULL,NULL,NULL,NULL,NULL,NULL,NULL,NULL,NULL,NULL,NULL,NULL),(2248,NULL,NULL,NULL,NULL,NULL,NULL,NULL,NULL,NULL,NULL,NULL,NULL,NULL),(2249,NULL,NULL,NULL,NULL,NULL,NULL,NULL,NULL,NULL,NULL,NULL,NULL,NULL),(2250,NULL,NULL,NULL,NULL,NULL,NULL,NULL,NULL,NULL,NULL,NULL,NULL,NULL),(2251,NULL,NULL,NULL,NULL,NULL,NULL,NULL,NULL,NULL,NULL,NULL,NULL,NULL),(2252,NULL,NULL,NULL,NULL,NULL,NULL,NULL,NULL,NULL,NULL,NULL,NULL,NULL),(2253,NULL,NULL,NULL,NULL,NULL,NULL,NULL,NULL,NULL,NULL,NULL,NULL,NULL),(2254,NULL,NULL,NULL,NULL,NULL,NULL,NULL,NULL,NULL,NULL,NULL,NULL,NULL),(2255,NULL,NULL,NULL,NULL,NULL,NULL,NULL,NULL,NULL,NULL,NULL,NULL,NULL),(2256,NULL,NULL,NULL,NULL,NULL,NULL,NULL,NULL,NULL,NULL,NULL,NULL,NULL),(2257,NULL,NULL,NULL,NULL,NULL,NULL,NULL,NULL,NULL,NULL,NULL,NULL,NULL),(2258,NULL,NULL,NULL,NULL,NULL,NULL,NULL,NULL,NULL,NULL,NULL,NULL,NULL),(2259,NULL,NULL,NULL,NULL,NULL,NULL,NULL,NULL,NULL,NULL,NULL,NULL,NULL),(2260,NULL,NULL,NULL,NULL,NULL,NULL,NULL,NULL,NULL,NULL,NULL,NULL,NULL),(2261,NULL,NULL,NULL,NULL,NULL,NULL,NULL,NULL,NULL,NULL,NULL,NULL,NULL),(2262,NULL,NULL,NULL,NULL,NULL,NULL,NULL,NULL,NULL,NULL,NULL,NULL,NULL),(2263,NULL,NULL,NULL,NULL,NULL,NULL,NULL,NULL,NULL,NULL,NULL,NULL,NULL),(2264,NULL,NULL,NULL,NULL,NULL,NULL,NULL,NULL,NULL,NULL,NULL,NULL,NULL),(2265,NULL,NULL,NULL,NULL,NULL,NULL,NULL,NULL,NULL,NULL,NULL,NULL,NULL),(2266,NULL,NULL,NULL,NULL,NULL,NULL,NULL,NULL,NULL,NULL,NULL,NULL,NULL),(2267,NULL,NULL,NULL,NULL,NULL,NULL,NULL,NULL,NULL,NULL,NULL,NULL,NULL),(2268,NULL,NULL,NULL,NULL,NULL,NULL,NULL,NULL,NULL,NULL,NULL,NULL,NULL),(2269,NULL,NULL,NULL,NULL,NULL,NULL,NULL,NULL,NULL,NULL,NULL,NULL,NULL),(2270,NULL,NULL,NULL,NULL,NULL,NULL,NULL,NULL,NULL,NULL,NULL,NULL,NULL),(2271,NULL,NULL,NULL,NULL,NULL,NULL,NULL,NULL,NULL,NULL,NULL,NULL,NULL),(2272,NULL,NULL,NULL,NULL,NULL,NULL,NULL,NULL,NULL,NULL,NULL,NULL,NULL),(2273,NULL,'2024-08-15 11:47:26',12.00,'TnG',0.00,NULL,NULL,NULL,NULL,0.00,0.00,NULL,NULL),(2274,NULL,NULL,NULL,NULL,NULL,NULL,NULL,NULL,NULL,NULL,NULL,NULL,NULL),(2275,NULL,NULL,NULL,NULL,NULL,NULL,NULL,NULL,NULL,NULL,NULL,NULL,NULL),(2276,NULL,NULL,NULL,NULL,NULL,NULL,NULL,NULL,NULL,NULL,NULL,NULL,NULL),(2277,NULL,NULL,NULL,NULL,NULL,NULL,NULL,NULL,NULL,NULL,NULL,NULL,NULL),(2278,NULL,NULL,NULL,NULL,NULL,NULL,NULL,NULL,NULL,NULL,NULL,NULL,NULL),(2279,NULL,NULL,NULL,NULL,NULL,NULL,NULL,NULL,NULL,NULL,NULL,NULL,NULL),(2280,NULL,NULL,NULL,NULL,NULL,NULL,NULL,NULL,NULL,NULL,NULL,NULL,NULL),(2281,NULL,NULL,NULL,NULL,NULL,NULL,NULL,NULL,NULL,NULL,NULL,NULL,NULL),(2282,NULL,NULL,NULL,NULL,NULL,NULL,NULL,NULL,NULL,NULL,NULL,NULL,NULL),(2283,NULL,NULL,NULL,NULL,NULL,NULL,NULL,NULL,NULL,NULL,NULL,NULL,NULL),(2284,NULL,NULL,NULL,NULL,NULL,NULL,NULL,NULL,NULL,NULL,NULL,NULL,NULL),(2285,NULL,NULL,NULL,NULL,NULL,NULL,NULL,NULL,NULL,NULL,NULL,NULL,NULL),(2286,NULL,NULL,NULL,NULL,NULL,NULL,NULL,NULL,NULL,NULL,NULL,NULL,NULL),(2287,NULL,NULL,NULL,NULL,NULL,NULL,NULL,NULL,NULL,NULL,NULL,NULL,NULL),(2288,NULL,NULL,NULL,NULL,NULL,NULL,NULL,NULL,NULL,NULL,NULL,NULL,NULL),(2289,NULL,NULL,NULL,NULL,NULL,NULL,NULL,NULL,NULL,NULL,NULL,NULL,NULL),(2290,NULL,NULL,NULL,NULL,NULL,NULL,NULL,NULL,NULL,NULL,NULL,NULL,NULL),(2291,NULL,NULL,NULL,NULL,NULL,NULL,NULL,NULL,NULL,NULL,NULL,NULL,NULL),(2292,NULL,NULL,NULL,NULL,NULL,NULL,NULL,NULL,NULL,NULL,NULL,NULL,NULL),(2293,NULL,NULL,NULL,NULL,NULL,NULL,NULL,NULL,NULL,NULL,NULL,NULL,NULL),(2294,NULL,NULL,NULL,NULL,NULL,NULL,NULL,NULL,NULL,NULL,NULL,NULL,NULL),(2295,NULL,NULL,NULL,NULL,NULL,NULL,NULL,NULL,NULL,NULL,NULL,NULL,NULL),(2296,NULL,NULL,NULL,NULL,NULL,NULL,NULL,NULL,NULL,NULL,NULL,NULL,NULL),(2297,NULL,'2024-08-15 12:27:12',12.00,'TnG',50.00,NULL,NULL,NULL,NULL,0.00,0.00,NULL,NULL),(2298,NULL,NULL,NULL,NULL,NULL,NULL,NULL,NULL,NULL,NULL,NULL,NULL,NULL),(2299,NULL,'2024-08-15 12:33:06',12.00,'Grab',0.00,NULL,NULL,NULL,NULL,0.00,0.00,NULL,NULL),(2300,NULL,NULL,NULL,NULL,NULL,NULL,NULL,NULL,NULL,NULL,NULL,NULL,NULL),(2301,NULL,'2024-08-15 12:33:16',12.00,'Grab',0.00,NULL,NULL,NULL,NULL,0.00,0.00,NULL,NULL),(2302,NULL,NULL,NULL,NULL,NULL,NULL,NULL,NULL,NULL,NULL,NULL,NULL,NULL),(2303,NULL,NULL,NULL,NULL,NULL,NULL,NULL,NULL,NULL,NULL,NULL,NULL,NULL),(2304,NULL,'2024-08-15 12:34:31',12.00,'TnG',0.00,NULL,NULL,NULL,NULL,0.00,0.00,NULL,NULL),(2305,NULL,NULL,NULL,NULL,NULL,NULL,NULL,NULL,NULL,NULL,NULL,NULL,NULL),(2306,NULL,NULL,NULL,NULL,NULL,NULL,NULL,NULL,NULL,NULL,NULL,NULL,NULL),(2307,NULL,NULL,NULL,NULL,NULL,NULL,NULL,NULL,NULL,NULL,NULL,NULL,NULL),(2308,NULL,NULL,NULL,NULL,NULL,NULL,NULL,NULL,NULL,NULL,NULL,NULL,NULL),(2309,NULL,'2024-08-15 12:34:52',12.00,'TnG',0.00,NULL,NULL,NULL,NULL,0.00,0.00,NULL,NULL),(2310,NULL,'2024-08-15 12:34:54',12.00,'TnG',0.00,NULL,NULL,NULL,NULL,0.00,0.00,NULL,NULL),(2311,NULL,NULL,NULL,NULL,NULL,NULL,NULL,NULL,NULL,NULL,NULL,NULL,NULL),(2312,NULL,NULL,NULL,NULL,NULL,NULL,NULL,NULL,NULL,NULL,NULL,NULL,NULL),(2313,NULL,NULL,NULL,NULL,NULL,NULL,NULL,NULL,NULL,NULL,NULL,NULL,NULL),(2314,NULL,NULL,NULL,NULL,NULL,NULL,NULL,NULL,NULL,NULL,NULL,NULL,NULL),(2315,NULL,NULL,NULL,NULL,NULL,NULL,NULL,NULL,NULL,NULL,NULL,NULL,NULL),(2316,NULL,NULL,NULL,NULL,NULL,NULL,NULL,NULL,NULL,NULL,NULL,NULL,NULL),(2317,NULL,NULL,NULL,NULL,NULL,NULL,NULL,NULL,NULL,NULL,NULL,NULL,NULL),(2318,NULL,NULL,NULL,NULL,NULL,NULL,NULL,NULL,NULL,NULL,NULL,NULL,NULL),(2319,NULL,NULL,NULL,NULL,NULL,NULL,NULL,NULL,NULL,NULL,NULL,NULL,NULL),(2320,NULL,NULL,NULL,NULL,NULL,NULL,NULL,NULL,NULL,NULL,NULL,NULL,NULL),(2321,NULL,NULL,NULL,NULL,NULL,NULL,NULL,NULL,NULL,NULL,NULL,NULL,NULL),(2322,NULL,NULL,NULL,NULL,NULL,NULL,NULL,NULL,NULL,NULL,NULL,NULL,NULL),(2323,NULL,NULL,NULL,NULL,NULL,NULL,NULL,NULL,NULL,NULL,NULL,NULL,NULL),(2324,NULL,NULL,NULL,NULL,NULL,NULL,NULL,NULL,NULL,NULL,NULL,NULL,NULL),(2325,NULL,NULL,NULL,NULL,NULL,NULL,NULL,NULL,NULL,NULL,NULL,NULL,NULL),(2326,NULL,NULL,NULL,NULL,NULL,NULL,NULL,NULL,NULL,NULL,NULL,NULL,NULL),(2327,NULL,NULL,NULL,NULL,NULL,NULL,NULL,NULL,NULL,NULL,NULL,NULL,NULL),(2328,NULL,NULL,NULL,NULL,NULL,NULL,NULL,NULL,NULL,NULL,NULL,NULL,NULL),(2329,NULL,'2024-08-20 11:30:36',17.20,'Cash',50.00,NULL,NULL,NULL,1,54.00,36.80,NULL,NULL),(2330,NULL,NULL,NULL,NULL,NULL,NULL,NULL,NULL,NULL,NULL,NULL,NULL,NULL),(2331,NULL,NULL,NULL,NULL,NULL,NULL,NULL,NULL,NULL,NULL,NULL,NULL,NULL),(2332,NULL,NULL,NULL,NULL,NULL,NULL,NULL,NULL,NULL,NULL,NULL,NULL,NULL),(2333,NULL,NULL,NULL,NULL,NULL,NULL,NULL,NULL,NULL,NULL,NULL,NULL,NULL),(2334,NULL,NULL,NULL,NULL,NULL,NULL,NULL,NULL,NULL,NULL,NULL,NULL,NULL),(2335,NULL,NULL,NULL,NULL,NULL,NULL,NULL,NULL,NULL,NULL,NULL,NULL,NULL),(2336,NULL,NULL,NULL,NULL,NULL,NULL,NULL,NULL,NULL,NULL,NULL,NULL,NULL),(2337,NULL,NULL,NULL,NULL,NULL,NULL,NULL,NULL,NULL,NULL,NULL,NULL,NULL),(2338,NULL,NULL,NULL,NULL,NULL,NULL,NULL,NULL,NULL,NULL,NULL,NULL,NULL),(2339,NULL,NULL,NULL,NULL,NULL,NULL,NULL,NULL,NULL,NULL,NULL,NULL,NULL),(2340,NULL,NULL,NULL,NULL,NULL,NULL,NULL,NULL,NULL,NULL,NULL,NULL,NULL),(2341,NULL,NULL,NULL,NULL,NULL,NULL,NULL,NULL,NULL,NULL,NULL,NULL,NULL),(2342,NULL,NULL,NULL,NULL,NULL,NULL,NULL,NULL,NULL,NULL,NULL,NULL,NULL),(2343,NULL,'2024-08-20 12:24:03',6.00,'TnG',0.00,NULL,NULL,NULL,NULL,0.00,0.00,NULL,NULL),(2344,NULL,'2024-08-20 12:24:05',6.20,'TnG',0.00,NULL,NULL,NULL,1,0.00,0.00,NULL,NULL),(2345,NULL,NULL,NULL,NULL,NULL,NULL,NULL,NULL,NULL,NULL,NULL,NULL,NULL),(2346,NULL,'2024-08-20 12:24:10',6.00,'TnG',0.00,NULL,NULL,NULL,NULL,0.00,0.00,NULL,NULL),(2347,NULL,NULL,NULL,NULL,NULL,NULL,NULL,NULL,NULL,NULL,NULL,NULL,NULL),(2348,NULL,NULL,NULL,NULL,NULL,NULL,NULL,NULL,NULL,NULL,NULL,NULL,NULL),(2349,NULL,NULL,NULL,NULL,NULL,NULL,NULL,NULL,NULL,NULL,NULL,NULL,NULL),(2350,NULL,NULL,NULL,NULL,NULL,NULL,NULL,NULL,NULL,NULL,NULL,NULL,NULL),(2351,NULL,NULL,NULL,NULL,NULL,NULL,NULL,NULL,NULL,NULL,NULL,NULL,NULL),(2352,NULL,NULL,NULL,NULL,NULL,NULL,NULL,NULL,NULL,NULL,NULL,NULL,NULL),(2353,NULL,NULL,NULL,NULL,NULL,NULL,NULL,NULL,NULL,NULL,NULL,NULL,NULL),(2354,NULL,'2024-08-20 12:27:41',12.00,'TnG',0.00,NULL,NULL,NULL,NULL,0.00,0.00,NULL,NULL),(2355,NULL,'2024-08-20 12:27:50',6.00,'Grab',0.00,NULL,NULL,NULL,NULL,0.00,0.00,NULL,NULL),(2356,NULL,NULL,NULL,NULL,NULL,NULL,NULL,NULL,NULL,NULL,NULL,NULL,NULL),(2357,NULL,'2024-08-20 13:32:41',12.00,'Grab',0.00,NULL,NULL,NULL,NULL,0.00,0.00,NULL,NULL),(2358,NULL,NULL,NULL,NULL,NULL,NULL,NULL,NULL,NULL,NULL,NULL,NULL,NULL),(2359,NULL,NULL,NULL,NULL,NULL,NULL,NULL,NULL,NULL,NULL,NULL,NULL,NULL),(2360,NULL,NULL,NULL,NULL,NULL,NULL,NULL,NULL,NULL,NULL,NULL,NULL,NULL),(2361,NULL,NULL,NULL,NULL,NULL,NULL,NULL,NULL,NULL,NULL,NULL,NULL,NULL),(2362,NULL,NULL,NULL,NULL,NULL,NULL,NULL,NULL,NULL,NULL,NULL,NULL,NULL),(2363,NULL,NULL,NULL,NULL,NULL,NULL,NULL,NULL,NULL,NULL,NULL,NULL,NULL),(2364,NULL,NULL,NULL,NULL,NULL,NULL,NULL,NULL,NULL,NULL,NULL,NULL,NULL),(2365,NULL,NULL,NULL,NULL,NULL,NULL,NULL,NULL,NULL,NULL,NULL,NULL,NULL),(2366,NULL,NULL,NULL,NULL,NULL,NULL,NULL,NULL,NULL,NULL,NULL,NULL,NULL),(2367,NULL,NULL,NULL,NULL,NULL,NULL,NULL,NULL,NULL,NULL,NULL,NULL,NULL),(2368,NULL,'2024-08-20 13:58:06',12.00,'Grab',0.00,NULL,NULL,NULL,NULL,0.00,0.00,NULL,NULL),(2369,NULL,'2024-08-20 13:58:26',12.00,'Grab',0.00,NULL,NULL,NULL,NULL,0.00,0.00,NULL,NULL),(2370,NULL,NULL,NULL,NULL,NULL,NULL,NULL,NULL,NULL,NULL,NULL,NULL,NULL),(2371,NULL,NULL,NULL,NULL,NULL,NULL,NULL,NULL,NULL,NULL,NULL,NULL,NULL),(2372,NULL,NULL,NULL,NULL,NULL,NULL,NULL,NULL,NULL,NULL,NULL,NULL,NULL),(2373,NULL,'2024-08-20 13:59:09',6.00,'TnG',0.00,NULL,NULL,NULL,NULL,0.00,0.00,NULL,NULL),(2374,NULL,NULL,NULL,NULL,NULL,NULL,NULL,NULL,NULL,NULL,NULL,NULL,NULL),(2375,NULL,NULL,NULL,NULL,NULL,NULL,NULL,NULL,NULL,NULL,NULL,NULL,NULL),(2376,NULL,NULL,NULL,NULL,NULL,NULL,NULL,NULL,NULL,NULL,NULL,NULL,NULL),(2377,NULL,NULL,NULL,NULL,NULL,NULL,NULL,NULL,NULL,NULL,NULL,NULL,NULL),(2378,NULL,NULL,NULL,NULL,NULL,NULL,NULL,NULL,NULL,NULL,NULL,NULL,NULL),(2379,NULL,NULL,NULL,NULL,NULL,NULL,NULL,NULL,NULL,NULL,NULL,NULL,NULL),(2380,NULL,NULL,NULL,NULL,NULL,NULL,NULL,NULL,NULL,NULL,NULL,NULL,NULL),(2381,NULL,NULL,NULL,NULL,NULL,NULL,NULL,NULL,NULL,NULL,NULL,NULL,NULL),(2382,NULL,NULL,NULL,NULL,NULL,NULL,NULL,NULL,NULL,NULL,NULL,NULL,NULL),(2383,NULL,NULL,NULL,NULL,NULL,NULL,NULL,NULL,NULL,NULL,NULL,NULL,NULL),(2384,NULL,NULL,NULL,NULL,NULL,NULL,NULL,NULL,NULL,NULL,NULL,NULL,NULL),(2385,NULL,NULL,NULL,NULL,NULL,NULL,NULL,NULL,NULL,NULL,NULL,NULL,NULL),(2386,NULL,NULL,NULL,NULL,NULL,NULL,NULL,NULL,NULL,NULL,NULL,NULL,NULL),(2387,NULL,NULL,NULL,NULL,NULL,NULL,NULL,NULL,NULL,NULL,NULL,NULL,NULL),(2388,NULL,NULL,NULL,NULL,NULL,NULL,NULL,NULL,NULL,NULL,NULL,NULL,NULL),(2389,NULL,NULL,NULL,NULL,NULL,NULL,NULL,NULL,NULL,NULL,NULL,NULL,NULL),(2390,NULL,NULL,NULL,NULL,NULL,NULL,NULL,NULL,NULL,NULL,NULL,NULL,NULL),(2391,NULL,NULL,NULL,NULL,NULL,NULL,NULL,NULL,NULL,NULL,NULL,NULL,NULL),(2392,NULL,NULL,NULL,NULL,NULL,NULL,NULL,NULL,NULL,NULL,NULL,NULL,NULL),(2393,NULL,NULL,NULL,NULL,NULL,NULL,NULL,NULL,NULL,NULL,NULL,NULL,NULL),(2394,NULL,NULL,NULL,NULL,NULL,NULL,NULL,NULL,NULL,NULL,NULL,NULL,NULL),(2395,NULL,NULL,NULL,NULL,NULL,NULL,NULL,NULL,NULL,NULL,NULL,NULL,NULL),(2396,NULL,NULL,NULL,NULL,NULL,NULL,NULL,NULL,NULL,NULL,NULL,NULL,NULL),(2397,NULL,NULL,NULL,NULL,NULL,NULL,NULL,NULL,NULL,NULL,NULL,NULL,NULL),(2398,NULL,NULL,NULL,NULL,NULL,NULL,NULL,NULL,NULL,NULL,NULL,NULL,NULL),(2399,NULL,NULL,NULL,NULL,NULL,NULL,NULL,NULL,NULL,NULL,NULL,NULL,NULL),(2400,NULL,NULL,NULL,NULL,NULL,NULL,NULL,NULL,NULL,NULL,NULL,NULL,NULL),(2401,NULL,NULL,NULL,NULL,NULL,NULL,NULL,NULL,NULL,NULL,NULL,NULL,NULL),(2402,NULL,NULL,NULL,NULL,NULL,NULL,NULL,NULL,NULL,NULL,NULL,NULL,NULL),(2403,NULL,NULL,NULL,NULL,NULL,NULL,NULL,NULL,NULL,NULL,NULL,NULL,NULL),(2404,NULL,NULL,NULL,NULL,NULL,NULL,NULL,NULL,NULL,NULL,NULL,NULL,NULL),(2405,NULL,NULL,NULL,NULL,NULL,NULL,NULL,NULL,NULL,NULL,NULL,NULL,NULL),(2406,NULL,NULL,NULL,NULL,NULL,NULL,NULL,NULL,NULL,NULL,NULL,NULL,NULL),(2407,NULL,NULL,NULL,NULL,NULL,NULL,NULL,NULL,NULL,NULL,NULL,NULL,NULL),(2408,NULL,NULL,NULL,NULL,NULL,NULL,NULL,NULL,NULL,NULL,NULL,NULL,NULL),(2409,NULL,NULL,NULL,NULL,NULL,NULL,NULL,NULL,NULL,NULL,NULL,NULL,NULL),(2410,NULL,NULL,NULL,NULL,NULL,NULL,NULL,NULL,NULL,NULL,NULL,NULL,NULL),(2411,NULL,NULL,NULL,NULL,NULL,NULL,NULL,NULL,NULL,NULL,NULL,NULL,NULL),(2412,NULL,NULL,NULL,NULL,NULL,NULL,NULL,NULL,NULL,NULL,NULL,NULL,NULL),(2413,NULL,NULL,NULL,NULL,NULL,NULL,NULL,NULL,NULL,NULL,NULL,NULL,NULL),(2414,NULL,NULL,NULL,NULL,NULL,NULL,NULL,NULL,NULL,NULL,NULL,NULL,NULL),(2415,NULL,NULL,NULL,NULL,NULL,NULL,NULL,NULL,NULL,NULL,NULL,NULL,NULL),(2416,NULL,NULL,NULL,NULL,NULL,NULL,NULL,NULL,NULL,NULL,NULL,NULL,NULL),(2417,NULL,NULL,NULL,NULL,NULL,NULL,NULL,NULL,NULL,NULL,NULL,NULL,NULL),(2418,NULL,NULL,NULL,NULL,NULL,NULL,NULL,NULL,NULL,NULL,NULL,NULL,NULL),(2419,NULL,NULL,NULL,NULL,NULL,NULL,NULL,NULL,NULL,NULL,NULL,NULL,NULL),(2420,NULL,NULL,NULL,NULL,NULL,NULL,NULL,NULL,NULL,NULL,NULL,NULL,NULL),(2421,NULL,NULL,NULL,NULL,NULL,NULL,NULL,NULL,NULL,NULL,NULL,NULL,NULL),(2422,NULL,NULL,NULL,NULL,NULL,NULL,NULL,NULL,NULL,NULL,NULL,NULL,NULL),(2423,NULL,NULL,NULL,NULL,NULL,NULL,NULL,NULL,NULL,NULL,NULL,NULL,NULL),(2424,NULL,NULL,NULL,NULL,NULL,NULL,NULL,NULL,NULL,NULL,NULL,NULL,NULL),(2425,NULL,NULL,NULL,NULL,NULL,NULL,NULL,NULL,NULL,NULL,NULL,NULL,NULL),(2426,NULL,NULL,NULL,NULL,NULL,NULL,NULL,NULL,NULL,NULL,NULL,NULL,NULL),(2427,NULL,NULL,NULL,NULL,NULL,NULL,NULL,NULL,NULL,NULL,NULL,NULL,NULL),(2428,NULL,NULL,NULL,NULL,NULL,NULL,NULL,NULL,NULL,NULL,NULL,NULL,NULL),(2429,NULL,NULL,NULL,NULL,NULL,NULL,NULL,NULL,NULL,NULL,NULL,NULL,NULL),(2430,NULL,NULL,NULL,NULL,NULL,NULL,NULL,NULL,NULL,NULL,NULL,NULL,NULL),(2431,NULL,NULL,NULL,NULL,NULL,NULL,NULL,NULL,NULL,NULL,NULL,NULL,NULL),(2432,NULL,NULL,NULL,NULL,NULL,NULL,NULL,NULL,NULL,NULL,NULL,NULL,NULL),(2433,NULL,NULL,NULL,NULL,NULL,NULL,NULL,NULL,NULL,NULL,NULL,NULL,NULL),(2434,NULL,NULL,NULL,NULL,NULL,NULL,NULL,NULL,NULL,NULL,NULL,NULL,NULL),(2435,NULL,NULL,NULL,NULL,NULL,NULL,NULL,NULL,NULL,NULL,NULL,NULL,NULL),(2436,NULL,NULL,NULL,NULL,NULL,NULL,NULL,NULL,NULL,NULL,NULL,NULL,NULL),(2437,NULL,NULL,NULL,NULL,NULL,NULL,NULL,NULL,NULL,NULL,NULL,NULL,NULL),(2438,NULL,NULL,NULL,NULL,NULL,NULL,NULL,NULL,NULL,NULL,NULL,NULL,NULL),(2439,NULL,NULL,NULL,NULL,NULL,NULL,NULL,NULL,NULL,NULL,NULL,NULL,NULL),(2440,NULL,NULL,NULL,NULL,NULL,NULL,NULL,NULL,NULL,NULL,NULL,NULL,NULL),(2441,NULL,NULL,NULL,NULL,NULL,NULL,NULL,NULL,NULL,NULL,NULL,NULL,NULL),(2442,NULL,NULL,NULL,NULL,NULL,NULL,NULL,NULL,NULL,NULL,NULL,NULL,NULL),(2443,NULL,NULL,NULL,NULL,NULL,NULL,NULL,NULL,NULL,NULL,NULL,NULL,NULL),(2444,NULL,NULL,NULL,NULL,NULL,NULL,NULL,NULL,NULL,NULL,NULL,NULL,NULL),(2445,NULL,NULL,NULL,NULL,NULL,NULL,NULL,NULL,NULL,NULL,NULL,NULL,NULL),(2446,NULL,NULL,NULL,NULL,NULL,NULL,NULL,NULL,NULL,NULL,NULL,NULL,NULL),(2447,NULL,NULL,NULL,NULL,NULL,NULL,NULL,NULL,NULL,NULL,NULL,NULL,NULL),(2448,NULL,NULL,NULL,NULL,NULL,NULL,NULL,NULL,NULL,NULL,NULL,NULL,NULL),(2449,NULL,NULL,NULL,NULL,NULL,NULL,NULL,NULL,NULL,NULL,NULL,NULL,NULL),(2450,NULL,NULL,NULL,NULL,NULL,NULL,NULL,NULL,NULL,NULL,NULL,NULL,NULL),(2451,NULL,NULL,NULL,NULL,NULL,NULL,NULL,NULL,NULL,NULL,NULL,NULL,NULL),(2452,NULL,NULL,NULL,NULL,NULL,NULL,NULL,NULL,NULL,NULL,NULL,NULL,NULL),(2453,NULL,NULL,NULL,NULL,NULL,NULL,NULL,NULL,NULL,NULL,NULL,NULL,NULL),(2454,NULL,NULL,NULL,NULL,NULL,NULL,NULL,NULL,NULL,NULL,NULL,NULL,NULL),(2455,NULL,NULL,NULL,NULL,NULL,NULL,NULL,NULL,NULL,NULL,NULL,NULL,NULL),(2456,NULL,NULL,NULL,NULL,NULL,NULL,NULL,NULL,NULL,NULL,NULL,NULL,NULL),(2457,NULL,NULL,NULL,NULL,NULL,NULL,NULL,NULL,NULL,NULL,NULL,NULL,NULL),(2458,NULL,NULL,NULL,NULL,NULL,NULL,NULL,NULL,NULL,NULL,NULL,NULL,NULL),(2459,NULL,'2024-08-20 14:54:58',275.00,'Grab',0.00,NULL,NULL,NULL,NULL,0.00,0.00,NULL,NULL),(2460,NULL,NULL,NULL,NULL,NULL,NULL,NULL,NULL,NULL,NULL,NULL,NULL,NULL),(2461,NULL,NULL,NULL,NULL,NULL,NULL,NULL,NULL,NULL,NULL,NULL,NULL,NULL),(2462,NULL,NULL,NULL,NULL,NULL,NULL,NULL,NULL,NULL,NULL,NULL,NULL,NULL),(2463,NULL,NULL,NULL,NULL,NULL,NULL,NULL,NULL,NULL,NULL,NULL,NULL,NULL),(2464,NULL,NULL,NULL,NULL,NULL,NULL,NULL,NULL,NULL,NULL,NULL,NULL,NULL),(2465,NULL,NULL,NULL,NULL,NULL,NULL,NULL,NULL,NULL,NULL,NULL,NULL,NULL),(2466,NULL,NULL,NULL,NULL,NULL,NULL,NULL,NULL,NULL,NULL,NULL,NULL,NULL),(2467,NULL,NULL,NULL,NULL,NULL,NULL,NULL,NULL,NULL,NULL,NULL,NULL,NULL),(2468,NULL,NULL,NULL,NULL,NULL,NULL,NULL,NULL,NULL,NULL,NULL,NULL,NULL),(2469,NULL,NULL,NULL,NULL,NULL,NULL,NULL,NULL,NULL,NULL,NULL,NULL,NULL),(2470,NULL,NULL,NULL,NULL,NULL,NULL,NULL,NULL,NULL,NULL,NULL,NULL,NULL),(2471,NULL,NULL,NULL,NULL,NULL,NULL,NULL,NULL,NULL,NULL,NULL,NULL,NULL),(2472,NULL,NULL,NULL,NULL,NULL,NULL,NULL,NULL,NULL,NULL,NULL,NULL,NULL),(2473,NULL,NULL,NULL,NULL,NULL,NULL,NULL,NULL,NULL,NULL,NULL,NULL,NULL),(2474,NULL,NULL,NULL,NULL,NULL,NULL,NULL,NULL,NULL,NULL,NULL,NULL,NULL),(2475,NULL,NULL,NULL,NULL,NULL,NULL,NULL,NULL,NULL,NULL,NULL,NULL,NULL),(2476,NULL,NULL,NULL,NULL,NULL,NULL,NULL,NULL,NULL,NULL,NULL,NULL,NULL),(2477,NULL,NULL,NULL,NULL,NULL,NULL,NULL,NULL,NULL,NULL,NULL,NULL,NULL),(2478,NULL,NULL,NULL,NULL,NULL,NULL,NULL,NULL,NULL,NULL,NULL,NULL,NULL),(2479,NULL,NULL,NULL,NULL,NULL,NULL,NULL,NULL,NULL,NULL,NULL,NULL,NULL),(2480,NULL,NULL,NULL,NULL,NULL,NULL,NULL,NULL,NULL,NULL,NULL,NULL,NULL),(2481,NULL,NULL,NULL,NULL,NULL,NULL,NULL,NULL,NULL,NULL,NULL,NULL,NULL),(2482,NULL,NULL,NULL,NULL,NULL,NULL,NULL,NULL,NULL,NULL,NULL,NULL,NULL),(2483,NULL,NULL,NULL,NULL,NULL,NULL,NULL,NULL,NULL,NULL,NULL,NULL,NULL),(2484,NULL,NULL,NULL,NULL,NULL,NULL,NULL,NULL,NULL,NULL,NULL,NULL,NULL),(2485,NULL,NULL,NULL,NULL,NULL,NULL,NULL,NULL,NULL,NULL,NULL,NULL,NULL),(2486,NULL,NULL,NULL,NULL,NULL,NULL,NULL,NULL,NULL,NULL,NULL,NULL,NULL),(2487,NULL,NULL,NULL,NULL,NULL,NULL,NULL,NULL,NULL,NULL,NULL,NULL,NULL),(2488,NULL,NULL,NULL,NULL,NULL,NULL,NULL,NULL,NULL,NULL,NULL,NULL,NULL),(2489,NULL,NULL,NULL,NULL,NULL,NULL,NULL,NULL,NULL,NULL,NULL,NULL,NULL),(2490,NULL,NULL,NULL,NULL,NULL,NULL,NULL,NULL,NULL,NULL,NULL,NULL,NULL),(2491,NULL,NULL,NULL,NULL,NULL,NULL,NULL,NULL,NULL,NULL,NULL,NULL,NULL),(2492,NULL,NULL,NULL,NULL,NULL,NULL,NULL,NULL,NULL,NULL,NULL,NULL,NULL),(2493,NULL,NULL,NULL,NULL,NULL,NULL,NULL,NULL,NULL,NULL,NULL,NULL,NULL),(2494,NULL,NULL,NULL,NULL,NULL,NULL,NULL,NULL,NULL,NULL,NULL,NULL,NULL),(2495,NULL,NULL,NULL,NULL,NULL,NULL,NULL,NULL,NULL,NULL,NULL,NULL,NULL),(2496,NULL,NULL,NULL,NULL,NULL,NULL,NULL,NULL,NULL,NULL,NULL,NULL,NULL),(2497,NULL,NULL,NULL,NULL,NULL,NULL,NULL,NULL,NULL,NULL,NULL,NULL,NULL),(2498,NULL,NULL,NULL,NULL,NULL,NULL,NULL,NULL,NULL,NULL,NULL,NULL,NULL),(2499,NULL,NULL,NULL,NULL,NULL,NULL,NULL,NULL,NULL,NULL,NULL,NULL,NULL),(2500,NULL,NULL,NULL,NULL,NULL,NULL,NULL,NULL,NULL,NULL,NULL,NULL,NULL),(2501,NULL,NULL,NULL,NULL,NULL,NULL,NULL,NULL,NULL,NULL,NULL,NULL,NULL),(2502,NULL,NULL,NULL,NULL,NULL,NULL,NULL,NULL,NULL,NULL,NULL,NULL,NULL),(2503,NULL,NULL,NULL,NULL,NULL,NULL,NULL,NULL,NULL,NULL,NULL,NULL,NULL),(2504,NULL,NULL,NULL,NULL,NULL,NULL,NULL,NULL,NULL,NULL,NULL,NULL,NULL),(2505,NULL,NULL,NULL,NULL,NULL,NULL,NULL,NULL,NULL,NULL,NULL,NULL,NULL),(2506,NULL,NULL,NULL,NULL,NULL,NULL,NULL,NULL,NULL,NULL,NULL,NULL,NULL),(2507,NULL,NULL,NULL,NULL,NULL,NULL,NULL,NULL,NULL,NULL,NULL,NULL,NULL),(2508,NULL,NULL,NULL,NULL,NULL,NULL,NULL,NULL,NULL,NULL,NULL,NULL,NULL),(2509,NULL,NULL,NULL,NULL,NULL,NULL,NULL,NULL,NULL,NULL,NULL,NULL,NULL),(2510,NULL,NULL,NULL,NULL,NULL,NULL,NULL,NULL,NULL,NULL,NULL,NULL,NULL),(2511,NULL,NULL,NULL,NULL,NULL,NULL,NULL,NULL,NULL,NULL,NULL,NULL,NULL),(2512,NULL,NULL,NULL,NULL,NULL,NULL,NULL,NULL,NULL,NULL,NULL,NULL,NULL),(2513,NULL,NULL,NULL,NULL,NULL,NULL,NULL,NULL,NULL,NULL,NULL,NULL,NULL),(2514,NULL,NULL,NULL,NULL,NULL,NULL,NULL,NULL,NULL,NULL,NULL,NULL,NULL),(2515,NULL,NULL,NULL,NULL,NULL,NULL,NULL,NULL,NULL,NULL,NULL,NULL,NULL),(2516,NULL,NULL,NULL,NULL,NULL,NULL,NULL,NULL,NULL,NULL,NULL,NULL,NULL),(2517,NULL,NULL,NULL,NULL,NULL,NULL,NULL,NULL,NULL,NULL,NULL,NULL,NULL),(2518,NULL,NULL,NULL,NULL,NULL,NULL,NULL,NULL,NULL,NULL,NULL,NULL,NULL),(2519,NULL,NULL,NULL,NULL,NULL,NULL,NULL,NULL,NULL,NULL,NULL,NULL,NULL),(2520,NULL,NULL,NULL,NULL,NULL,NULL,NULL,NULL,NULL,NULL,NULL,NULL,NULL),(2521,NULL,NULL,NULL,NULL,NULL,NULL,NULL,NULL,NULL,NULL,NULL,NULL,NULL),(2522,NULL,NULL,NULL,NULL,NULL,NULL,NULL,NULL,NULL,NULL,NULL,NULL,NULL),(2523,NULL,NULL,NULL,NULL,NULL,NULL,NULL,NULL,NULL,NULL,NULL,NULL,NULL),(2524,NULL,NULL,NULL,NULL,NULL,NULL,NULL,NULL,NULL,NULL,NULL,NULL,NULL),(2525,NULL,NULL,NULL,NULL,NULL,NULL,NULL,NULL,NULL,NULL,NULL,NULL,NULL),(2526,NULL,NULL,NULL,NULL,NULL,NULL,NULL,NULL,NULL,NULL,NULL,NULL,NULL),(2527,NULL,NULL,NULL,NULL,NULL,NULL,NULL,NULL,NULL,NULL,NULL,NULL,NULL),(2528,NULL,NULL,NULL,NULL,NULL,NULL,NULL,NULL,NULL,NULL,NULL,NULL,NULL),(2529,NULL,NULL,NULL,NULL,NULL,NULL,NULL,NULL,NULL,NULL,NULL,NULL,NULL),(2530,NULL,NULL,NULL,NULL,NULL,NULL,NULL,NULL,NULL,NULL,NULL,NULL,NULL),(2531,NULL,NULL,NULL,NULL,NULL,NULL,NULL,NULL,NULL,NULL,NULL,NULL,NULL),(2532,NULL,NULL,NULL,NULL,NULL,NULL,NULL,NULL,NULL,NULL,NULL,NULL,NULL),(2533,NULL,NULL,NULL,NULL,NULL,NULL,NULL,NULL,NULL,NULL,NULL,NULL,NULL),(2534,NULL,NULL,NULL,NULL,NULL,NULL,NULL,NULL,NULL,NULL,NULL,NULL,NULL),(2535,NULL,NULL,NULL,NULL,NULL,NULL,NULL,NULL,NULL,NULL,NULL,NULL,NULL),(2536,NULL,NULL,NULL,NULL,NULL,NULL,NULL,NULL,NULL,NULL,NULL,NULL,NULL),(2537,NULL,NULL,NULL,NULL,NULL,NULL,NULL,NULL,NULL,NULL,NULL,NULL,NULL),(2538,NULL,NULL,NULL,NULL,NULL,NULL,NULL,NULL,NULL,NULL,NULL,NULL,NULL),(2539,NULL,NULL,NULL,NULL,NULL,NULL,NULL,NULL,NULL,NULL,NULL,NULL,NULL),(2540,NULL,NULL,NULL,NULL,NULL,NULL,NULL,NULL,NULL,NULL,NULL,NULL,NULL),(2541,NULL,NULL,NULL,NULL,NULL,NULL,NULL,NULL,NULL,NULL,NULL,NULL,NULL),(2542,NULL,NULL,NULL,NULL,NULL,NULL,NULL,NULL,NULL,NULL,NULL,NULL,NULL),(2543,NULL,NULL,NULL,NULL,NULL,NULL,NULL,NULL,NULL,NULL,NULL,NULL,NULL),(2544,NULL,NULL,NULL,NULL,NULL,NULL,NULL,NULL,NULL,NULL,NULL,NULL,NULL),(2545,NULL,NULL,NULL,NULL,NULL,NULL,NULL,NULL,NULL,NULL,NULL,NULL,NULL),(2546,NULL,NULL,NULL,NULL,NULL,NULL,NULL,NULL,NULL,NULL,NULL,NULL,NULL),(2547,NULL,NULL,NULL,NULL,NULL,NULL,NULL,NULL,NULL,NULL,NULL,NULL,NULL),(2548,NULL,NULL,NULL,NULL,NULL,NULL,NULL,NULL,NULL,NULL,NULL,NULL,NULL),(2549,NULL,NULL,NULL,NULL,NULL,NULL,NULL,NULL,NULL,NULL,NULL,NULL,NULL),(2550,NULL,NULL,NULL,NULL,NULL,NULL,NULL,NULL,NULL,NULL,NULL,NULL,NULL),(2551,NULL,NULL,NULL,NULL,NULL,NULL,NULL,NULL,NULL,NULL,NULL,NULL,NULL),(2552,NULL,NULL,NULL,NULL,NULL,NULL,NULL,NULL,NULL,NULL,NULL,NULL,NULL),(2553,NULL,NULL,NULL,NULL,NULL,NULL,NULL,NULL,NULL,NULL,NULL,NULL,NULL),(2554,NULL,NULL,NULL,NULL,NULL,NULL,NULL,NULL,NULL,NULL,NULL,NULL,NULL),(2555,NULL,NULL,NULL,NULL,NULL,NULL,NULL,NULL,NULL,NULL,NULL,NULL,NULL),(2556,NULL,NULL,NULL,NULL,NULL,NULL,NULL,NULL,NULL,NULL,NULL,NULL,NULL),(2557,NULL,NULL,NULL,NULL,NULL,NULL,NULL,NULL,NULL,NULL,NULL,NULL,NULL),(2558,NULL,NULL,NULL,NULL,NULL,NULL,NULL,NULL,NULL,NULL,NULL,NULL,NULL),(2559,NULL,NULL,NULL,NULL,NULL,NULL,NULL,NULL,NULL,NULL,NULL,NULL,NULL),(2560,NULL,NULL,NULL,NULL,NULL,NULL,NULL,NULL,NULL,NULL,NULL,NULL,NULL),(2561,NULL,NULL,NULL,NULL,NULL,NULL,NULL,NULL,NULL,NULL,NULL,NULL,NULL),(2562,NULL,NULL,NULL,NULL,NULL,NULL,NULL,NULL,NULL,NULL,NULL,NULL,NULL),(2563,NULL,NULL,NULL,NULL,NULL,NULL,NULL,NULL,NULL,NULL,NULL,NULL,NULL),(2564,NULL,NULL,NULL,NULL,NULL,NULL,NULL,NULL,NULL,NULL,NULL,NULL,NULL),(2565,NULL,NULL,NULL,NULL,NULL,NULL,NULL,NULL,NULL,NULL,NULL,NULL,NULL),(2566,NULL,NULL,NULL,NULL,NULL,NULL,NULL,NULL,NULL,NULL,NULL,NULL,NULL),(2567,NULL,NULL,NULL,NULL,NULL,NULL,NULL,NULL,NULL,NULL,NULL,NULL,NULL),(2568,NULL,NULL,NULL,NULL,NULL,NULL,NULL,NULL,NULL,NULL,NULL,NULL,NULL),(2569,NULL,NULL,NULL,NULL,NULL,NULL,NULL,NULL,NULL,NULL,NULL,NULL,NULL),(2570,NULL,NULL,NULL,NULL,NULL,NULL,NULL,NULL,NULL,NULL,NULL,NULL,NULL),(2571,NULL,NULL,NULL,NULL,NULL,NULL,NULL,NULL,NULL,NULL,NULL,NULL,NULL),(2572,NULL,NULL,NULL,NULL,NULL,NULL,NULL,NULL,NULL,NULL,NULL,NULL,NULL),(2573,NULL,NULL,NULL,NULL,NULL,NULL,NULL,NULL,NULL,NULL,NULL,NULL,NULL),(2574,NULL,NULL,NULL,NULL,NULL,NULL,NULL,NULL,NULL,NULL,NULL,NULL,NULL),(2575,NULL,NULL,NULL,NULL,NULL,NULL,NULL,NULL,NULL,NULL,NULL,NULL,NULL),(2576,NULL,NULL,NULL,NULL,NULL,NULL,NULL,NULL,NULL,NULL,NULL,NULL,NULL),(2577,NULL,NULL,NULL,NULL,NULL,NULL,NULL,NULL,NULL,NULL,NULL,NULL,NULL),(2578,NULL,NULL,NULL,NULL,NULL,NULL,NULL,NULL,NULL,NULL,NULL,NULL,NULL),(2579,NULL,NULL,NULL,NULL,NULL,NULL,NULL,NULL,NULL,NULL,NULL,NULL,NULL),(2580,NULL,NULL,NULL,NULL,NULL,NULL,NULL,NULL,NULL,NULL,NULL,NULL,NULL),(2581,NULL,NULL,NULL,NULL,NULL,NULL,NULL,NULL,NULL,NULL,NULL,NULL,NULL),(2582,NULL,NULL,NULL,NULL,NULL,NULL,NULL,NULL,NULL,NULL,NULL,NULL,NULL),(2583,NULL,NULL,NULL,NULL,NULL,NULL,NULL,NULL,NULL,NULL,NULL,NULL,NULL),(2584,NULL,NULL,NULL,NULL,NULL,NULL,NULL,NULL,NULL,NULL,NULL,NULL,NULL),(2585,NULL,NULL,NULL,NULL,NULL,NULL,NULL,NULL,NULL,NULL,NULL,NULL,NULL),(2586,NULL,NULL,NULL,NULL,NULL,NULL,NULL,NULL,NULL,NULL,NULL,NULL,NULL),(2587,NULL,NULL,NULL,NULL,NULL,NULL,NULL,NULL,NULL,NULL,NULL,NULL,NULL),(2588,NULL,NULL,NULL,NULL,NULL,NULL,NULL,NULL,NULL,NULL,NULL,NULL,NULL),(2589,NULL,NULL,NULL,NULL,NULL,NULL,NULL,NULL,NULL,NULL,NULL,NULL,NULL),(2590,NULL,NULL,NULL,NULL,NULL,NULL,NULL,NULL,NULL,NULL,NULL,NULL,NULL),(2591,NULL,NULL,NULL,NULL,NULL,NULL,NULL,NULL,NULL,NULL,NULL,NULL,NULL),(2592,NULL,'2024-08-20 16:26:39',213.00,'Grab',0.00,NULL,NULL,NULL,NULL,0.00,0.00,NULL,NULL),(2593,NULL,NULL,NULL,NULL,NULL,NULL,NULL,NULL,NULL,NULL,NULL,NULL,NULL),(2594,NULL,NULL,NULL,NULL,NULL,NULL,NULL,NULL,NULL,NULL,NULL,NULL,NULL),(2595,NULL,NULL,NULL,NULL,NULL,NULL,NULL,NULL,NULL,NULL,NULL,NULL,NULL),(2596,NULL,NULL,NULL,NULL,NULL,NULL,NULL,NULL,NULL,NULL,NULL,NULL,NULL),(2597,NULL,NULL,NULL,NULL,NULL,NULL,NULL,NULL,NULL,NULL,NULL,NULL,NULL),(2598,NULL,NULL,NULL,NULL,NULL,NULL,NULL,NULL,NULL,NULL,NULL,NULL,NULL),(2599,NULL,NULL,NULL,NULL,NULL,NULL,NULL,NULL,NULL,NULL,NULL,NULL,NULL),(2600,NULL,NULL,NULL,NULL,NULL,NULL,NULL,NULL,NULL,NULL,NULL,NULL,NULL),(2601,NULL,NULL,NULL,NULL,NULL,NULL,NULL,NULL,NULL,NULL,NULL,NULL,NULL),(2602,NULL,NULL,NULL,NULL,NULL,NULL,NULL,NULL,NULL,NULL,NULL,NULL,NULL),(2603,NULL,NULL,NULL,NULL,NULL,NULL,NULL,NULL,NULL,NULL,NULL,NULL,NULL),(2604,NULL,NULL,NULL,NULL,NULL,NULL,NULL,NULL,NULL,NULL,NULL,NULL,NULL),(2605,NULL,NULL,NULL,NULL,NULL,NULL,NULL,NULL,NULL,NULL,NULL,NULL,NULL),(2606,NULL,NULL,NULL,NULL,NULL,NULL,NULL,NULL,NULL,NULL,NULL,NULL,NULL),(2607,NULL,NULL,NULL,NULL,NULL,NULL,NULL,NULL,NULL,NULL,NULL,NULL,NULL),(2608,NULL,NULL,NULL,NULL,NULL,NULL,NULL,NULL,NULL,NULL,NULL,NULL,NULL),(2609,NULL,NULL,NULL,NULL,NULL,NULL,NULL,NULL,NULL,NULL,NULL,NULL,NULL),(2610,NULL,NULL,NULL,NULL,NULL,NULL,NULL,NULL,NULL,NULL,NULL,NULL,NULL),(2611,NULL,NULL,NULL,NULL,NULL,NULL,NULL,NULL,NULL,NULL,NULL,NULL,NULL),(2612,NULL,NULL,NULL,NULL,NULL,NULL,NULL,NULL,NULL,NULL,NULL,NULL,NULL),(2613,NULL,NULL,NULL,NULL,NULL,NULL,NULL,NULL,NULL,NULL,NULL,NULL,NULL),(2614,NULL,NULL,NULL,NULL,NULL,NULL,NULL,NULL,NULL,NULL,NULL,NULL,NULL),(2615,NULL,NULL,NULL,NULL,NULL,NULL,NULL,NULL,NULL,NULL,NULL,NULL,NULL),(2616,NULL,NULL,NULL,NULL,NULL,NULL,NULL,NULL,NULL,NULL,NULL,NULL,NULL),(2617,NULL,NULL,NULL,NULL,NULL,NULL,NULL,NULL,NULL,NULL,NULL,NULL,NULL),(2618,NULL,NULL,NULL,NULL,NULL,NULL,NULL,NULL,NULL,NULL,NULL,NULL,NULL),(2619,NULL,NULL,NULL,NULL,NULL,NULL,NULL,NULL,NULL,NULL,NULL,NULL,NULL),(2620,NULL,NULL,NULL,NULL,NULL,NULL,NULL,NULL,NULL,NULL,NULL,NULL,NULL),(2621,NULL,NULL,NULL,NULL,NULL,NULL,NULL,NULL,NULL,NULL,NULL,NULL,NULL),(2622,NULL,NULL,NULL,NULL,NULL,NULL,NULL,NULL,NULL,NULL,NULL,NULL,NULL),(2623,NULL,NULL,NULL,NULL,NULL,NULL,NULL,NULL,NULL,NULL,NULL,NULL,NULL),(2624,NULL,NULL,NULL,NULL,NULL,NULL,NULL,NULL,NULL,NULL,NULL,NULL,NULL),(2625,NULL,NULL,NULL,NULL,NULL,NULL,NULL,NULL,NULL,NULL,NULL,NULL,NULL),(2626,NULL,NULL,NULL,NULL,NULL,NULL,NULL,NULL,NULL,NULL,NULL,NULL,NULL),(2627,NULL,NULL,NULL,NULL,NULL,NULL,NULL,NULL,NULL,NULL,NULL,NULL,NULL),(2628,NULL,NULL,NULL,NULL,NULL,NULL,NULL,NULL,NULL,NULL,NULL,NULL,NULL),(2629,NULL,NULL,NULL,NULL,NULL,NULL,NULL,NULL,NULL,NULL,NULL,NULL,NULL),(2630,NULL,NULL,NULL,NULL,NULL,NULL,NULL,NULL,NULL,NULL,NULL,NULL,NULL),(2631,NULL,NULL,NULL,NULL,NULL,NULL,NULL,NULL,NULL,NULL,NULL,NULL,NULL),(2632,NULL,NULL,NULL,NULL,NULL,NULL,NULL,NULL,NULL,NULL,NULL,NULL,NULL),(2633,NULL,NULL,NULL,NULL,NULL,NULL,NULL,NULL,NULL,NULL,NULL,NULL,NULL),(2634,NULL,NULL,NULL,NULL,NULL,NULL,NULL,NULL,NULL,NULL,NULL,NULL,NULL),(2635,NULL,NULL,NULL,NULL,NULL,NULL,NULL,NULL,NULL,NULL,NULL,NULL,NULL),(2636,NULL,NULL,NULL,NULL,NULL,NULL,NULL,NULL,NULL,NULL,NULL,NULL,NULL),(2637,NULL,NULL,NULL,NULL,NULL,NULL,NULL,NULL,NULL,NULL,NULL,NULL,NULL),(2638,NULL,NULL,NULL,NULL,NULL,NULL,NULL,NULL,NULL,NULL,NULL,NULL,NULL),(2639,NULL,NULL,NULL,NULL,NULL,NULL,NULL,NULL,NULL,NULL,NULL,NULL,NULL),(2640,NULL,'2024-09-05 15:11:29',5.00,'TnG',0.00,NULL,NULL,NULL,NULL,0.00,0.00,NULL,NULL),(2641,NULL,NULL,NULL,NULL,NULL,NULL,NULL,NULL,NULL,NULL,NULL,NULL,NULL);
/*!40000 ALTER TABLE `order` ENABLE KEYS */;
UNLOCK TABLES;

--
-- Table structure for table `payment`
--

DROP TABLE IF EXISTS `payment`;
/*!40101 SET @saved_cs_client     = @@character_set_client */;
/*!50503 SET character_set_client = utf8mb4 */;
CREATE TABLE `payment` (
  `pay_id` int unsigned NOT NULL AUTO_INCREMENT,
  `ord_id` int unsigned DEFAULT NULL,
  `pay_paid` decimal(8,2) DEFAULT NULL,
  `pay_change` decimal(8,2) DEFAULT NULL,
  `pay_method` varchar(50) CHARACTER SET utf8mb4 COLLATE utf8mb4_unicode_ci DEFAULT NULL,
  PRIMARY KEY (`pay_id`),
  KEY `payment_ord_id_foreign` (`ord_id`),
  CONSTRAINT `payment_ord_id_foreign` FOREIGN KEY (`ord_id`) REFERENCES `order` (`ord_id`) ON DELETE CASCADE ON UPDATE CASCADE
) ENGINE=InnoDB DEFAULT CHARSET=utf8mb4 COLLATE=utf8mb4_unicode_ci;
/*!40101 SET character_set_client = @saved_cs_client */;

--
-- Dumping data for table `payment`
--

LOCK TABLES `payment` WRITE;
/*!40000 ALTER TABLE `payment` DISABLE KEYS */;
/*!40000 ALTER TABLE `payment` ENABLE KEYS */;
UNLOCK TABLES;

--
-- Table structure for table `product`
--

DROP TABLE IF EXISTS `product`;
/*!40101 SET @saved_cs_client     = @@character_set_client */;
/*!50503 SET character_set_client = utf8mb4 */;
CREATE TABLE `product` (
  `pro_id` int unsigned NOT NULL AUTO_INCREMENT,
  `pro_name` varchar(255) CHARACTER SET utf8mb4 COLLATE utf8mb4_unicode_ci DEFAULT NULL,
  `pro_price` decimal(8,2) DEFAULT NULL,
  `pro_desc` text CHARACTER SET utf8mb4 COLLATE utf8mb4_unicode_ci,
  `pro_stat` tinyint(1) DEFAULT NULL,
  `pro_stock` int DEFAULT NULL,
  `pro_image` varchar(255) CHARACTER SET utf8mb4 COLLATE utf8mb4_unicode_ci DEFAULT NULL,
  PRIMARY KEY (`pro_id`)
) ENGINE=InnoDB AUTO_INCREMENT=66 DEFAULT CHARSET=utf8mb4 COLLATE=utf8mb4_unicode_ci;
/*!40101 SET character_set_client = @saved_cs_client */;

--
-- Dumping data for table `product`
--

LOCK TABLES `product` WRITE;
/*!40000 ALTER TABLE `product` DISABLE KEYS */;
INSERT INTO `product` VALUES (59,'almond',22.00,'sweet sweet',1,9982,'Sweet_Almond.jpeg'),(60,'souppp',11.00,'111',1,9976,'Soya_Longan_Pudding_8.jpeg'),(61,'22',12.00,'12221',1,9985,'Mango_Sago.jpeg'),(62,'soupa',6.00,'beanna',1,9984,'RedBean_Soup.jpeg'),(63,'yappa',5.00,'sago',1,9961,'Mango_Sago_1.jpeg'),(64,'test',22.00,'jelyy',1,9940,'bubur_chacha.jpeg'),(65,'',17.00,'',1,9952,'MungBean_Soup.jpeg');
/*!40000 ALTER TABLE `product` ENABLE KEYS */;
UNLOCK TABLES;

--
-- Table structure for table `productByDay`
--

DROP TABLE IF EXISTS `productByDay`;
/*!40101 SET @saved_cs_client     = @@character_set_client */;
/*!50503 SET character_set_client = utf8mb4 */;
CREATE TABLE `productByDay` (
  `pd_id` int unsigned NOT NULL AUTO_INCREMENT,
  `pd_day` enum('Monday','Tuesday','Wednesday','Thursday','Friday','Saturday','Sunday') CHARACTER SET utf8mb4 COLLATE utf8mb4_unicode_ci DEFAULT NULL,
  `pro_id` int unsigned DEFAULT NULL,
  PRIMARY KEY (`pd_id`),
  KEY `productbyday_pro_id_foreign` (`pro_id`),
  CONSTRAINT `productbyday_pro_id_foreign` FOREIGN KEY (`pro_id`) REFERENCES `product` (`pro_id`) ON DELETE CASCADE ON UPDATE CASCADE
) ENGINE=InnoDB AUTO_INCREMENT=40 DEFAULT CHARSET=utf8mb4 COLLATE=utf8mb4_unicode_ci;
/*!40101 SET character_set_client = @saved_cs_client */;

--
-- Dumping data for table `productByDay`
--

LOCK TABLES `productByDay` WRITE;
/*!40000 ALTER TABLE `productByDay` DISABLE KEYS */;
INSERT INTO `productByDay` VALUES (8,'Monday',63),(9,'Monday',64),(10,'Monday',65),(14,'Friday',59),(15,'Friday',61),(16,'Friday',65),(24,'Thursday',59),(25,'Thursday',60),(26,'Thursday',61),(27,'Thursday',62),(28,'Thursday',63),(29,'Thursday',64),(30,'Thursday',65),(34,'Wednesday',59),(35,'Wednesday',61),(36,'Wednesday',62),(37,'Tuesday',59),(38,'Tuesday',60),(39,'Tuesday',62);
/*!40000 ALTER TABLE `productByDay` ENABLE KEYS */;
UNLOCK TABLES;

--
-- Table structure for table `promotion`
--

DROP TABLE IF EXISTS `promotion`;
/*!40101 SET @saved_cs_client     = @@character_set_client */;
/*!50503 SET character_set_client = utf8mb4 */;
CREATE TABLE `promotion` (
  `promo_id` int unsigned NOT NULL AUTO_INCREMENT,
  `promo_code` varchar(50) CHARACTER SET utf8mb4 COLLATE utf8mb4_unicode_ci DEFAULT NULL,
  `promo_desc` text CHARACTER SET utf8mb4 COLLATE utf8mb4_unicode_ci,
  `promo_dis` decimal(8,2) DEFAULT NULL,
  `promo_startDate` date DEFAULT NULL,
  `promo_endDate` date DEFAULT NULL,
  PRIMARY KEY (`promo_id`)
) ENGINE=InnoDB DEFAULT CHARSET=utf8mb4 COLLATE=utf8mb4_unicode_ci;
/*!40101 SET character_set_client = @saved_cs_client */;

--
-- Dumping data for table `promotion`
--

LOCK TABLES `promotion` WRITE;
/*!40000 ALTER TABLE `promotion` DISABLE KEYS */;
/*!40000 ALTER TABLE `promotion` ENABLE KEYS */;
UNLOCK TABLES;

--
-- Table structure for table `role`
--

DROP TABLE IF EXISTS `role`;
/*!40101 SET @saved_cs_client     = @@character_set_client */;
/*!50503 SET character_set_client = utf8mb4 */;
CREATE TABLE `role` (
  `role_id` int unsigned NOT NULL AUTO_INCREMENT,
  `role` varchar(255) CHARACTER SET utf8mb4 COLLATE utf8mb4_unicode_ci DEFAULT NULL,
  `user_id` int unsigned DEFAULT NULL,
  PRIMARY KEY (`role_id`),
  KEY `role_user_id_foreign` (`user_id`)
) ENGINE=InnoDB AUTO_INCREMENT=40 DEFAULT CHARSET=utf8mb4 COLLATE=utf8mb4_unicode_ci;
/*!40101 SET character_set_client = @saved_cs_client */;

--
-- Dumping data for table `role`
--

LOCK TABLES `role` WRITE;
/*!40000 ALTER TABLE `role` DISABLE KEYS */;
INSERT INTO `role` VALUES (36,'A',18),(39,'A',25);
/*!40000 ALTER TABLE `role` ENABLE KEYS */;
UNLOCK TABLES;

--
-- Table structure for table `salesReport`
--

DROP TABLE IF EXISTS `salesReport`;
/*!40101 SET @saved_cs_client     = @@character_set_client */;
/*!50503 SET character_set_client = utf8mb4 */;
CREATE TABLE `salesReport` (
  `rep_id` int unsigned NOT NULL AUTO_INCREMENT,
  `br_id` int unsigned DEFAULT NULL,
  `rep_date` datetime DEFAULT NULL,
  `rep_totalSales` decimal(8,2) DEFAULT NULL,
  `rep_totalOrder` int DEFAULT NULL,
  `rep_csvPath` varchar(255) CHARACTER SET utf8mb4 COLLATE utf8mb4_unicode_ci DEFAULT NULL,
  `rep_opening` decimal(8,2) DEFAULT NULL,
  `rep_closing` decimal(8,2) DEFAULT NULL,
  `rep_expenses` decimal(8,2) DEFAULT NULL,
  `rep_remarks` varchar(255) CHARACTER SET utf8mb4 COLLATE utf8mb4_unicode_ci DEFAULT NULL,
  `rep_proLoss` decimal(8,2) DEFAULT NULL,
  PRIMARY KEY (`rep_id`),
  KEY `salesreport_br_id_foreign` (`br_id`),
  CONSTRAINT `salesreport_br_id_foreign` FOREIGN KEY (`br_id`) REFERENCES `branch` (`br_id`) ON DELETE CASCADE ON UPDATE CASCADE
) ENGINE=InnoDB AUTO_INCREMENT=12 DEFAULT CHARSET=utf8mb4 COLLATE=utf8mb4_unicode_ci;
/*!40101 SET character_set_client = @saved_cs_client */;

--
-- Dumping data for table `salesReport`
--

LOCK TABLES `salesReport` WRITE;
/*!40000 ALTER TABLE `salesReport` DISABLE KEYS */;
INSERT INTO `salesReport` VALUES (1,NULL,'2024-07-22 00:00:00',NULL,NULL,NULL,30.00,161.63,10.00,'test',161.60),(2,NULL,'2024-07-22 00:00:00',NULL,NULL,NULL,50.00,148.15,23.50,'test',148.10),(3,NULL,'2024-07-23 00:00:00',NULL,NULL,NULL,30.00,28.00,2.00,'test',-2.00),(4,NULL,'2024-08-06 00:00:00',NULL,NULL,NULL,50.00,40.00,10.00,'',-10.00),(5,NULL,'2024-08-06 00:00:00',NULL,NULL,NULL,50.00,144.16,15.00,'',144.15),(8,NULL,'2024-08-06 00:00:00',NULL,NULL,NULL,50.00,144.16,15.00,'',144.15),(9,NULL,'2024-08-06 00:00:00',NULL,NULL,NULL,50.00,144.16,15.00,'',144.15),(10,NULL,'2024-08-08 00:00:00',NULL,NULL,NULL,50.00,202.15,10.00,'',202.10),(11,NULL,'2024-08-20 00:00:00',NULL,NULL,NULL,1000.00,-62.79,80.00,'',-62.80);
/*!40000 ALTER TABLE `salesReport` ENABLE KEYS */;
UNLOCK TABLES;

--
-- Table structure for table `user`
--

DROP TABLE IF EXISTS `user`;
/*!40101 SET @saved_cs_client     = @@character_set_client */;
/*!50503 SET character_set_client = utf8mb4 */;
CREATE TABLE `user` (
  `user_id` int unsigned NOT NULL AUTO_INCREMENT,
  `user_firstName` varchar(255) CHARACTER SET utf8mb4 COLLATE utf8mb4_unicode_ci DEFAULT NULL,
  `user_lastName` varchar(255) CHARACTER SET utf8mb4 COLLATE utf8mb4_unicode_ci DEFAULT NULL,
  `user_email` varchar(255) CHARACTER SET utf8mb4 COLLATE utf8mb4_unicode_ci DEFAULT NULL,
  `user_pw` varchar(255) CHARACTER SET utf8mb4 COLLATE utf8mb4_unicode_ci DEFAULT NULL,
  `user_dateSignup` datetime DEFAULT CURRENT_TIMESTAMP,
  `user_authCode` varchar(255) CHARACTER SET utf8mb4 COLLATE utf8mb4_unicode_ci DEFAULT NULL,
  `user_validated` datetime DEFAULT NULL,
  PRIMARY KEY (`user_id`)
) ENGINE=InnoDB AUTO_INCREMENT=26 DEFAULT CHARSET=utf8mb4 COLLATE=utf8mb4_unicode_ci;
/*!40101 SET character_set_client = @saved_cs_client */;

--
-- Dumping data for table `user`
--

LOCK TABLES `user` WRITE;
/*!40000 ALTER TABLE `user` DISABLE KEYS */;
INSERT INTO `user` VALUES (18,'ed','de','ed@gmail.com','333','2024-07-16 02:11:18','','2024-07-16 10:48:27'),(25,'ede','dd','blackvixxjack@gmail.com','$argon2id$v=19$m=65536,t=3,p=4$o7EkMuWbhGYtqybC8KmL9Q$tPlAFYjeeJb0iQOHSa7/cxMub6VxYdiJFxJpA7ImVmk','2024-07-17 08:26:43','','2024-07-17 16:28:43');
/*!40000 ALTER TABLE `user` ENABLE KEYS */;
UNLOCK TABLES;

--
-- Table structure for table `user_clockInOut`
--

DROP TABLE IF EXISTS `user_clockInOut`;
/*!40101 SET @saved_cs_client     = @@character_set_client */;
/*!50503 SET character_set_client = utf8mb4 */;
CREATE TABLE `user_clockInOut` (
  `cIO_id` int unsigned NOT NULL AUTO_INCREMENT,
  `cIO_in` datetime DEFAULT NULL,
  `cIO_out` datetime DEFAULT NULL,
  `user_id` int unsigned DEFAULT NULL,
  `cIO_date` date DEFAULT NULL,
  `cIO_hrsWorked` time DEFAULT NULL,
  PRIMARY KEY (`cIO_id`),
  KEY `user_clockinout_user_id_foreign` (`user_id`),
  CONSTRAINT `user_clockinout_user_id_foreign` FOREIGN KEY (`user_id`) REFERENCES `user` (`user_id`) ON DELETE CASCADE ON UPDATE CASCADE
) ENGINE=InnoDB AUTO_INCREMENT=170 DEFAULT CHARSET=utf8mb4 COLLATE=utf8mb4_unicode_ci;
/*!40101 SET character_set_client = @saved_cs_client */;

--
-- Dumping data for table `user_clockInOut`
--

LOCK TABLES `user_clockInOut` WRITE;
/*!40000 ALTER TABLE `user_clockInOut` DISABLE KEYS */;
INSERT INTO `user_clockInOut` VALUES (159,'2024-08-05 10:43:00','2024-08-05 11:36:00',25,'2024-08-05','00:53:00'),(160,'2024-08-05 03:28:00','2024-08-05 15:28:00',25,'2024-08-05','12:00:00'),(161,'2024-08-05 03:28:00','2024-08-05 16:01:00',18,'2024-08-05','12:33:00'),(162,'2024-08-05 03:28:00','2024-08-05 16:01:00',25,'2024-08-05','12:33:00'),(163,'2024-08-05 03:28:00','2024-08-05 16:01:00',18,'2024-08-05','12:33:00'),(164,'2024-08-06 12:34:00','2024-08-06 12:34:00',18,'2024-08-06','00:00:00'),(165,'2024-08-06 12:34:00','2024-08-06 12:34:00',25,'2024-08-06','00:00:00'),(166,'2024-08-08 04:05:00','2024-08-08 16:05:00',18,'2024-08-08','12:00:00'),(167,'2024-08-15 12:20:00','2024-08-15 12:20:00',18,'2024-08-15','00:00:00'),(168,'2024-08-20 09:45:00','2024-08-20 09:45:00',18,'2024-08-20','00:00:00'),(169,'2024-08-20 09:46:00','2024-08-20 09:46:00',18,'2024-08-20','00:00:00');
/*!40000 ALTER TABLE `user_clockInOut` ENABLE KEYS */;
UNLOCK TABLES;

--
-- Table structure for table `wappler_migrations`
--

DROP TABLE IF EXISTS `wappler_migrations`;
/*!40101 SET @saved_cs_client     = @@character_set_client */;
/*!50503 SET character_set_client = utf8mb4 */;
CREATE TABLE `wappler_migrations` (
  `id` int unsigned NOT NULL AUTO_INCREMENT,
  `name` varchar(255) CHARACTER SET utf8mb4 COLLATE utf8mb4_unicode_ci DEFAULT NULL,
  `batch` int DEFAULT NULL,
  `migration_time` timestamp NULL DEFAULT NULL,
  PRIMARY KEY (`id`)
) ENGINE=InnoDB AUTO_INCREMENT=49 DEFAULT CHARSET=utf8mb4 COLLATE=utf8mb4_unicode_ci;
/*!40101 SET character_set_client = @saved_cs_client */;

--
-- Dumping data for table `wappler_migrations`
--

LOCK TABLES `wappler_migrations` WRITE;
/*!40000 ALTER TABLE `wappler_migrations` DISABLE KEYS */;
INSERT INTO `wappler_migrations` VALUES (1,'20240610072057_delete temp tables.js',1,'2024-06-10 15:20:58'),(2,'20240610073852_product table created.js',2,'2024-06-10 15:38:53'),(3,'20240610074720_customer table created.js',3,'2024-06-10 15:47:20'),(4,'20240611022201_order table.js',4,'2024-06-11 10:22:02'),(5,'20240611022238_delete test table.js',5,'2024-06-11 10:22:39'),(6,'20240611022411_change some details.js',6,'2024-06-11 10:24:12'),(7,'20240611022848_branch promo payment table created.js',7,'2024-06-11 10:28:49'),(8,'20240611023212_deliver salesReport table created.js',8,'2024-06-11 10:32:13'),(9,'20240611023432_crm ingredient table created.js',9,'2024-06-11 10:34:32'),(10,'20240621040218_added some into order table.js',10,'2024-06-21 12:02:18'),(11,'20240621041006_changes on detOrd and Ord.js',11,'2024-06-21 12:10:07'),(12,'20240621043256_added pro_stock.js',12,'2024-06-21 12:32:56'),(13,'20240625085016_added reference.js',13,'2024-06-25 16:50:17'),(14,'20240701035603_changes on order.js',14,'2024-07-01 11:56:04'),(15,'20240701041342_added order_details.js',15,'2024-07-01 12:13:43'),(16,'20240701041414_remove order_details to change .js',16,'2024-07-01 12:14:15'),(17,'20240701041511_change detailsOrder.js',17,'2024-07-01 12:15:12'),(23,'20240702064345_a.js',20,'2024-07-02 16:36:38'),(25,'20240703013924_delete user table.js',21,'2024-07-03 09:39:24'),(26,'20240703014353_user table added.js',22,'2024-07-03 09:43:54'),(27,'20240703014428_role table added.js',23,'2024-07-03 09:44:29'),(28,'20240703014600_changes on user table.js',24,'2024-07-03 09:46:01'),(29,'20240715021836_smol changes.js',25,'2024-07-15 10:18:37'),(30,'20240716024621_change on role.js',26,'2024-07-16 10:46:22'),(31,'20240717062508_detord changes.js',27,'2024-07-17 14:25:09'),(34,'20240722075218_rep_opening,closing,expenses,remarks added.js',28,'2024-07-22 15:52:18'),(35,'20240722080908_profitOrLoss.js',29,'2024-07-22 16:09:09'),(36,'20240724012643_added clock in out.js',30,'2024-07-24 09:26:44'),(37,'20240724015645_change data type.js',31,'2024-07-24 09:56:46'),(38,'20240724020013_add data clockinout.js',32,'2024-07-24 10:00:14'),(39,'20240724020032_data.js',33,'2024-07-24 10:00:32'),(40,'20240726062742_add table.js',34,'2024-07-26 14:27:43'),(41,'20240726063547_sub table.js',35,'2024-07-26 14:35:48'),(42,'20240730021743_changes and add.js',36,'2024-07-30 10:17:45'),(43,'20240805060541_change.js',37,'2024-08-05 14:05:42'),(46,'20240805070431_delete.js',38,'2024-08-05 15:04:32'),(47,'20240805070454_add back.js',39,'2024-08-05 15:04:54'),(48,'20240808034534_add reference for detOrd.js',40,'2024-08-08 11:45:35');
/*!40000 ALTER TABLE `wappler_migrations` ENABLE KEYS */;
UNLOCK TABLES;

--
-- Table structure for table `wappler_migrations_lock`
--

DROP TABLE IF EXISTS `wappler_migrations_lock`;
/*!40101 SET @saved_cs_client     = @@character_set_client */;
/*!50503 SET character_set_client = utf8mb4 */;
CREATE TABLE `wappler_migrations_lock` (
  `index` int unsigned NOT NULL AUTO_INCREMENT,
  `is_locked` int DEFAULT NULL,
  PRIMARY KEY (`index`)
) ENGINE=InnoDB AUTO_INCREMENT=2 DEFAULT CHARSET=utf8mb4 COLLATE=utf8mb4_unicode_ci;
/*!40101 SET character_set_client = @saved_cs_client */;

--
-- Dumping data for table `wappler_migrations_lock`
--

LOCK TABLES `wappler_migrations_lock` WRITE;
/*!40000 ALTER TABLE `wappler_migrations_lock` DISABLE KEYS */;
INSERT INTO `wappler_migrations_lock` VALUES (1,0);
/*!40000 ALTER TABLE `wappler_migrations_lock` ENABLE KEYS */;
UNLOCK TABLES;
/*!40103 SET TIME_ZONE=@OLD_TIME_ZONE */;

/*!40101 SET SQL_MODE=@OLD_SQL_MODE */;
/*!40014 SET FOREIGN_KEY_CHECKS=@OLD_FOREIGN_KEY_CHECKS */;
/*!40014 SET UNIQUE_CHECKS=@OLD_UNIQUE_CHECKS */;
/*!40101 SET CHARACTER_SET_CLIENT=@OLD_CHARACTER_SET_CLIENT */;
/*!40101 SET CHARACTER_SET_RESULTS=@OLD_CHARACTER_SET_RESULTS */;
/*!40101 SET COLLATION_CONNECTION=@OLD_COLLATION_CONNECTION */;
/*!40111 SET SQL_NOTES=@OLD_SQL_NOTES */;

-- Dump completed on 2024-09-05  7:14:17
